Feature ID,Feature Name,Cluster 1 Mean Counts,Cluster 1 Log2 fold change,Cluster 1 Adjusted p value,Cluster 2 Mean Counts,Cluster 2 Log2 fold change,Cluster 2 Adjusted p value,Cluster 3 Mean Counts,Cluster 3 Log2 fold change,Cluster 3 Adjusted p value,Cluster 4 Mean Counts,Cluster 4 Log2 fold change,Cluster 4 Adjusted p value,Cluster 5 Mean Counts,Cluster 5 Log2 fold change,Cluster 5 Adjusted p value,Cluster 6 Mean Counts,Cluster 6 Log2 fold change,Cluster 6 Adjusted p value
ENSG00000065135,GNAI3,0.0013847770031515615,1.026043118378137,0.7473883909242197,0.0,1.0211415889221165,1.0,0.0,1.35008957943303,1.0,0.0,2.501437290319437,1.0,0.0,3.185435085108974,1.0,0.0,5.317792320318158,1.0
ENSG00000159352,PSMD4,0.002769554006303123,-0.9739568816218629,0.7473883909242197,0.01391387789372676,2.343069683809479,0.2765446654328143,0.0,-0.6499104205669699,1.0,0.0,0.5014372903194371,1.0,0.0,1.185435085108974,1.0,0.05858585858585858,4.510437398260553,1.0
ENSG00000143322,ABL2,0.0,-0.9739568816218629,1.0,0.00347846947343169,3.0211415889221165,0.6378627996713825,0.0,1.35008957943303,1.0,0.0,2.501437290319437,1.0,0.0,3.185435085108974,1.0,0.0,5.317792320318158,1.0
ENSG00000116918,TSNAX,0.0013847770031515615,1.026043118378137,0.7473883909242197,0.0,1.0211415889221165,1.0,0.0,1.35008957943303,1.0,0.0,2.501437290319437,1.0,0.0,3.185435085108974,1.0,0.0,5.317792320318158,1.0
ENSG00000115355,CCDC88A,0.004154331009454684,1.026043118378138,0.6962961063729302,0.0,-0.30078650596524525,1.0,0.0,0.02816148454566747,1.0,0.008516886930983847,2.501437290319437,0.9900473246694578,0.0,1.8635069902216124,1.0,0.0,3.995864225430794,1.0
ENSG00000254999,BRK1,0.008308662018909369,0.8333980404357417,0.6830861967298355,0.01043540842029507,1.2137866668645128,0.912183094429826,0.0,-0.9718385154543325,0.8891224042818829,0.0,0.17950919543207444,1.0,0.0,0.8635069902216124,1.0,0.0,2.995864225430794,1.0
ENSG00000231160,KLF3-AS1,0.0,-0.9739568816218629,1.0,0.00347846947343169,3.0211415889221165,0.6378627996713825,0.0,1.35008957943303,1.0,0.0,2.501437290319437,1.0,0.0,3.185435085108974,1.0,0.0,5.317792320318158,1.0
ENSG00000177738,AC025171.1,0.0,-0.9739568816218629,1.0,0.0,1.0211415889221165,1.0,0.0,1.35008957943303,1.0,0.008516886930983847,4.501437290319437,0.5572150191643606,0.0,3.185435085108974,1.0,0.0,5.317792320318158,1.0
ENSG00000196262,PPIA,0.013847770031515614,0.1635466421280718,1.0,0.00347846947343169,-1.2267859245214687,0.644292897024643,0.0041962089422659535,-0.8978379340105551,0.8891224042818829,0.04258443465491924,2.1795091954320744,0.40557952775968137,0.0,-0.13649300977838763,1.0,0.11717171717171716,3.7328298195970007,1.0
ENSG00000283886,BX664615.2,0.0,-0.9739568816218629,1.0,0.0,1.0211415889221165,1.0,0.0041962089422659535,3.35008957943303,0.5357170875184053,0.0,2.501437290319437,1.0,0.0,3.185435085108974,1.0,0.0,5.317792320318158,1.0
ENSG00000138185,ENTPD1,0.0013847770031515615,1.026043118378137,0.7473883909242197,0.0,1.0211415889221165,1.0,0.0,1.35008957943303,1.0,0.0,2.501437290319437,1.0,0.0,3.185435085108974,1.0,0.0,5.317792320318158,1.0
ENSG00000075239,ACAT1,0.0013847770031515615,1.026043118378137,0.7473883909242197,0.0,1.0211415889221165,1.0,0.0,1.35008957943303,1.0,0.0,2.501437290319437,1.0,0.0,3.185435085108974,1.0,0.0,5.317792320318158,1.0
ENSG00000149311,ATM,0.0013847770031515615,1.026043118378137,0.7473883909242197,0.0,1.0211415889221165,1.0,0.0,1.35008957943303,1.0,0.0,2.501437290319437,1.0,0.0,3.185435085108974,1.0,0.0,5.317792320318158,1.0
ENSG00000111639,MRPL51,0.0,-0.9739568816218629,1.0,0.0,1.0211415889221165,1.0,0.0,1.35008957943303,1.0,0.0,2.501437290319437,1.0,0.013327205882352942,5.185435085108974,0.5458521521764614,0.0,5.317792320318158,1.0
ENSG00000185950,IRS2,0.0013847770031515615,1.026043118378137,0.7473883909242197,0.0,1.0211415889221165,1.0,0.0,1.35008957943303,1.0,0.0,2.501437290319437,1.0,0.0,3.185435085108974,1.0,0.0,5.317792320318158,1.0
ENSG00000102978,POLR2C,0.0013847770031515615,0.02604311837813711,1.0,0.0,0.4361790882009604,1.0,0.0041962089422659535,2.35008957943303,0.7502997192701308,0.0,1.916474789598281,1.0,0.0,2.600472584387818,1.0,0.0,4.7328298195970016,1.0
ENSG00000267100,ILF3-DT,0.002769554006303123,1.611005619099294,0.5588206157767875,0.0,0.4361790882009604,1.0,0.0,0.765127078711874,1.0,0.0,1.916474789598281,1.0,0.0,2.600472584387818,1.0,0.0,4.7328298195970016,1.0
ENSG00000287271,AC011455.6,0.0,-0.9739568816218629,1.0,0.0,1.0211415889221165,1.0,0.0041962089422659535,3.35008957943303,0.5357170875184053,0.0,2.501437290319437,1.0,0.0,3.185435085108974,1.0,0.0,5.317792320318158,1.0
ENSG00000213799,ZNF845,0.005539108012606246,-0.23699128745565723,1.0,0.00695693894686338,0.6061040896432726,1.0,0.01258862682679786,1.5427346573754255,0.5718195921656474,0.0,0.17950919543207444,1.0,0.0,0.8635069902216124,1.0,0.0,2.995864225430794,1.0
ENSG00000204577,LILRB3,0.0013847770031515615,1.026043118378137,0.7473883909242197,0.0,1.0211415889221165,1.0,0.0,1.35008957943303,1.0,0.0,2.501437290319437,1.0,0.0,3.185435085108974,1.0,0.0,5.317792320318158,1.0
ENSG00000280071,GATD3B,0.08862572820169994,-0.32662849994033305,0.7473883909242197,0.13913877893726762,0.6372266071390538,0.6378627996713825,0.10490522355664883,0.11979196001123649,1.0,0.09368575624082233,-0.0010630502097468408,1.0,0.07996323529411765,-0.1467613452322154,1.0,0.0,-0.8818800245182072,1.0
ENSG00000275464,FP565260.1,0.00969343902206093,-0.973956881621862,0.5004778600581264,0.02782775578745352,1.2841759947559108,0.5049468889536608,0.008392417884531907,-0.45726534262457363,1.0,0.025550660792951544,1.1795091954320744,0.9900473246694578,0.026654411764705885,1.3780801630513704,1.0,0.0,1.7942303642611437,1.0
ENSG00000280433,FP565260.6,0.01938687804412186,-0.3149937994569303,0.8929635284246669,0.034784694734316904,0.9570112515024007,0.6378627996713825,0.020981044711329767,0.12769715809658244,1.0,0.008516886930983847,-0.49856270968056293,1.0,0.026654411764705885,0.8162012754432553,1.0,0.0,1.2733982009597034,1.0
ENSG00000275993,SIK1B,0.006923885015757807,2.611005619099294,0.13365295272786798,0.0,-0.5638209117990396,1.0,0.0,-0.23487292128812598,1.0,0.0,0.9164747895982801,1.0,0.0,1.600472584387818,1.0,0.0,3.7328298195970007,1.0
ENSG00000288187,CU633906.5,0.0,-0.9739568816218629,1.0,0.0,1.0211415889221165,1.0,0.0041962089422659535,3.35008957943303,0.5357170875184053,0.0,2.501437290319437,1.0,0.0,3.185435085108974,1.0,0.0,5.317792320318158,1.0
ENSG00000275895,U2AF1L5,0.05123674911660777,0.18650779057138323,0.9711218269695646,0.04869857262804366,0.0951421703658939,1.0,0.046158298364925486,0.028161484545668358,1.0,0.03406754772393539,-0.24272380525097415,1.0,0.03998161764705883,0.09797224385863501,1.0,0.05858585858585858,1.1885093033731904,1.0
ENSG00000280145,CU638689.4,0.0,-1.973956881621863,0.6037213646837094,0.01043540842029507,4.0211415889221165,0.14822026216365755,0.0,0.3500895794330301,1.0,0.0,1.501437290319437,1.0,0.0,2.185435085108974,1.0,0.0,4.317792320318158,1.0
ENSG00000280164,CU638689.5,0.0,-0.9739568816218629,1.0,0.00347846947343169,3.0211415889221165,0.6378627996713825,0.0,1.35008957943303,1.0,0.0,2.501437290319437,1.0,0.0,3.185435085108974,1.0,0.0,5.317792320318158,1.0
ENSG00000280018,CU634019.5,0.0,-0.9739568816218629,1.0,0.00347846947343169,3.0211415889221165,0.6378627996713825,0.0,1.35008957943303,1.0,0.0,2.501437290319437,1.0,0.0,3.185435085108974,1.0,0.0,5.317792320318158,1.0
ENSG00000273590,SMIM11B,0.002769554006303123,1.611005619099294,0.5588206157767875,0.0,0.4361790882009604,1.0,0.0,0.765127078711874,1.0,0.0,1.916474789598281,1.0,0.0,2.600472584387818,1.0,0.0,4.7328298195970016,1.0
ENSG00000278961,SMIM34B,0.002769554006303123,1.611005619099294,0.5588206157767875,0.0,0.4361790882009604,1.0,0.0,0.765127078711874,1.0,0.0,1.916474789598281,1.0,0.0,2.600472584387818,1.0,0.0,4.7328298195970016,1.0
ENSG00000276289,KCNE1B,0.004154331009454684,2.026043118378138,0.3642309444369353,0.0,0.021141588922116483,1.0,0.0,0.3500895794330301,1.0,0.0,1.501437290319437,1.0,0.0,2.185435085108974,1.0,0.0,4.317792320318158,1.0
ENSG00000279579,LINC01666,0.0,-1.5589193823430199,0.770721378720369,0.0,0.4361790882009604,1.0,0.0,0.765127078711874,1.0,0.008516886930983847,3.501437290319437,0.7800964352570041,0.013327205882352942,4.185435085108974,0.7718391546742662,0.0,4.7328298195970016,1.0
ENSG00000278932,CR381653.1,0.005539108012606246,-1.1114604053717985,0.6545613653040906,0.00347846947343169,-0.7862133331354872,1.0,0.016784835769063814,1.2125860556830954,0.662231899668298,0.04258443465491924,2.7644716961532305,0.40557952775968137,0.0,0.2785444895004554,1.0,0.0,2.410901724709639,1.0
ENSG00000274391,TPTE,0.0013847770031515615,-0.5589193823430199,1.0,0.0,0.021141588922116483,1.0,0.0,0.3500895794330301,1.0,0.0,1.501437290319437,1.0,0.0,2.185435085108974,1.0,0.11717171717171716,6.902754821039314,0.07198960610025944
ENSG00000224905,AP001347.1,0.0,-2.2958849765092255,0.41302000831988267,0.0,-0.30078650596524525,1.0,0.0041962089422659535,1.35008957943303,0.9846707345766478,0.008516886930983847,2.501437290319437,0.9900473246694578,0.026654411764705885,4.185435085108974,0.36368627943447746,0.0,3.995864225430794,1.0
ENSG00000185272,RBM11,0.0,-4.55891938234302,0.00014861660947055032,0.00347846947343169,-1.5024203671348966,0.6378627996713825,0.08392417884531907,4.742407002211791,6.761893176179321e-07,0.0,-1.08352521040172,1.0,0.026654411764705885,1.3109659671928329,1.0,0.0,1.7328298195970007,1.0
ENSG00000155304,HSPA13,0.055391080126062454,-0.6824940674615521,0.3642309444369353,0.06261245052177042,-0.20666432860069506,1.0,0.14267110403704242,1.2895480374979793,0.10925972456813735,0.059618208516886935,-0.14241889945528818,1.0,0.0666360294117647,0.09797224385863457,1.0,0.11717171717171716,1.1885093033731904,1.0
ENSG00000155307,SAMSN1,0.27834017763346386,0.38963385223830493,0.6307492323331064,0.21914357682619648,-0.18342955532708638,1.0,0.24338011865142528,0.003913938298990782,1.0,0.18737151248164466,-0.367318176402311,1.0,0.09329044117647059,-1.269892135195587,1.0,0.3515151515151515,0.6657156237384638,1.0
ENSG00000281903,LINC02246,0.0,-1.5589193823430199,0.7473883909242197,0.00347846947343169,2.0211415889221165,0.8299360286676019,0.0041962089422659535,2.35008957943303,0.7502997192701308,0.0,1.916474789598281,1.0,0.0,2.600472584387818,1.0,0.0,4.7328298195970016,1.0
ENSG00000180530,NRIP1,0.22571865151370452,1.0437451201115961,0.05032918778127102,0.10783255367638239,-0.7135680313037214,0.7511402689251562,0.09651280567211692,-0.8528504792372451,0.6421030485872701,0.1788546255506608,0.1599690090364292,1.0,0.05330882352941177,-1.399527415612182,1.0,0.05858585858585858,-0.6070201832876241,1.0
ENSG00000229425,AJ009632.2,0.0,-2.55891938234302,0.5053990230192607,0.0,-0.5638209117990396,1.0,0.0,-0.23487292128812598,1.0,0.04258443465491924,6.086399791040593,0.05902288382314896,0.0,1.600472584387818,1.0,0.0,3.7328298195970007,1.0
ENSG00000155313,USP25,0.16755801738133894,0.25634073779993116,0.7607367807009695,0.1774019431450162,0.2786378112144807,0.9812929873021169,0.14686731297930836,-0.04984102745560515,1.0,0.07665198237885464,-0.9315221169566699,1.0,0.09329044117647059,-0.5827492396679523,1.0,0.05858585858585858,-0.48956260173944743,1.0
ENSG00000215386,MIR99AHG,0.002769554006303123,0.02604311837813711,1.0,0.00347846947343169,1.0211415889221165,1.0,0.0041962089422659535,1.35008957943303,0.9846707345766478,0.0,1.1795091954320736,1.0,0.0,1.8635069902216124,1.0,0.0,3.995864225430794,1.0
ENSG00000154640,BTG3,0.03877375608824372,-1.4197566346713937,0.017681467537171654,0.12174643157010916,1.0211415889221174,0.2765446654328143,0.09231659672985097,0.464260599352341,0.8587011207486472,0.09368575624082233,0.5014372903194366,1.0,0.1332720588235294,1.0449538615591436,0.9002043863968799,0.0,-0.4236746660829902,1.0
ENSG00000280594,BTG3-AS1,0.005539108012606246,-0.8219537881768133,0.7473883909242197,0.01043540842029507,0.6992134940347547,1.0,0.008392417884531907,0.47562046151688975,1.0,0.025550660792951544,2.1795091954320744,0.6226008993630241,0.0,0.48499536696788237,1.0,0.0,2.617352602177065,1.0
ENSG00000240770,C21orf91-OT1,0.0,-0.9739568816218629,1.0,0.00347846947343169,3.0211415889221165,0.6378627996713825,0.0,1.35008957943303,1.0,0.0,2.501437290319437,1.0,0.0,3.185435085108974,1.0,0.0,5.317792320318158,1.0
ENSG00000154642,C21orf91,0.10108872123006399,-0.4649432341340054,0.5911043091202796,0.12870337051697253,0.13978608542073623,1.0,0.17624077557517004,0.6995387370842976,0.5357170875184053,0.1277533039647577,0.16158728743481188,1.0,0.10661764705882354,-0.04551934973089766,1.0,0.05858585858585858,-0.14163929831914013,1.0
ENSG00000244676,AL109761.1,0.0,-2.2958849765092255,0.3779563339876893,0.0,-0.30078650596524525,1.0,0.01258862682679786,3.35008957943303,0.13913456897162574,0.008516886930983847,2.501437290319437,0.9900473246694578,0.0,1.8635069902216124,1.0,0.0,3.995864225430794,1.0
ENSG00000154645,CHODL,0.0,-1.5589193823430199,0.7473883909242197,0.00347846947343169,2.0211415889221165,0.8299360286676019,0.0041962089422659535,2.35008957943303,0.7502997192701308,0.0,1.916474789598281,1.0,0.0,2.600472584387818,1.0,0.0,4.7328298195970016,1.0
ENSG00000237484,LINC01684,0.004154331009454684,-3.331508886239946,5.627724992226721e-05,0.02087081684059014,-0.4194310024638641,1.0,0.05455071624945739,1.203248191103759,0.3666268089989989,0.06813509544787077,1.5014372903194362,0.5572150191643606,0.1599264705882353,2.885874803250066,0.022386154815897605,0.05858585858585858,1.8915275656160588,1.0
ENSG00000234883,MIR155HG,0.0013847770031515615,-3.55891938234302,0.00064282270769918,0.01043540842029507,-0.43829002971518083,1.0,0.02517725365359572,0.9095169880470495,0.8012513045921835,0.09368575624082233,3.2790448689829885,0.005506845770221643,0.03998161764705883,1.7260034664716768,0.9002043863968799,0.0,1.6739361305434324,1.0
ENSG00000260583,AP000223.1,0.0013847770031515615,0.02604311837813711,1.0,0.0,0.4361790882009604,1.0,0.0,0.765127078711874,1.0,0.0,1.916474789598281,1.0,0.013327205882352942,4.185435085108974,0.7718391546742662,0.0,4.7328298195970016,1.0
ENSG00000154719,MRPL39,0.04985197211345621,-1.3036623271009447,0.022355469255578984,0.11131102314981409,0.46562286609344294,0.8279929597892511,0.15945593980610623,1.1276971580965824,0.15852757505976517,0.05110132158590309,-0.6337222929621995,1.0,0.1599264705882353,1.0155100836666615,0.9002043863968799,0.23434343434343433,1.6739361305434322,1.0
ENSG00000154721,JAM2,0.0,-1.973956881621863,0.5698505008709661,0.00695693894686338,2.6061040896432726,0.5049468889536608,0.0,0.3500895794330301,1.0,0.008516886930983847,2.916474789598281,0.927673081560832,0.0,2.185435085108974,1.0,0.0,4.317792320318158,1.0
ENSG00000287109,AP000224.1,0.0,-0.9739568816218629,1.0,0.0,1.0211415889221165,1.0,0.0041962089422659535,3.35008957943303,0.5357170875184053,0.0,2.501437290319437,1.0,0.0,3.185435085108974,1.0,0.0,5.317792320318158,1.0
ENSG00000154723,ATP5PF,1.2199885397765255,0.0424936391587315,1.0,1.0191915557154851,-0.29093872000889826,1.0,1.3301982346983072,0.17513250089433435,1.0,1.1071953010279,-0.1295869926910845,1.0,1.0928308823529413,-0.14602150160528912,1.0,2.8707070707070703,1.2269388898670432,1.0
ENSG00000154727,GABPA,0.10939738324897336,-0.04434620951326096,1.0,0.08696173683579225,-0.38694314971496,1.0,0.10910143249891478,0.006944998635971977,1.0,0.16182085168869312,0.6534403837644867,0.977684966804051,0.11994485294117647,0.24057663930143525,1.0,0.23434343434343433,1.3268374599211639,1.0
ENSG00000142192,APP,0.473593735077834,1.1261797896635868,0.023007494452106286,0.06261245052177042,-2.649794134908892,0.0016168923144326908,0.13847489509477645,-1.4358916918320066,0.18300951698932724,0.7494860499265786,1.283683763786509,0.3245987615709435,0.23988970588235295,-0.48550063872203486,1.0,0.11717171717171716,-1.0630294636227742,1.0
ENSG00000233783,AP001442.1,0.002769554006303123,1.611005619099294,0.5588206157767875,0.0,0.4361790882009604,1.0,0.0,0.765127078711874,1.0,0.0,1.916474789598281,1.0,0.0,2.600472584387818,1.0,0.0,4.7328298195970016,1.0
ENSG00000166265,CYYR1,0.0,-2.973956881621863,0.09056974793190553,0.0,-0.9788584110778835,0.8598001373389759,0.0,-0.6499104205669699,1.0,0.059618208516886935,6.501437290319437,3.499134891975053e-05,0.0,1.185435085108974,1.0,0.0,3.3177923203181567,1.0
ENSG00000154734,ADAMTS1,0.0,-2.2958849765092255,0.3779563339876893,0.01391387789372676,4.343069683809479,0.03260701103516889,0.0,0.02816148454566747,1.0,0.0,1.1795091954320736,1.0,0.0,1.8635069902216124,1.0,0.0,3.995864225430794,1.0
ENSG00000154736,ADAMTS5,0.026310763059879668,3.3479712132654997,0.003745304282308646,0.0,-2.3711758338566433,0.3720628098936807,0.0041962089422659535,-0.9718385154543325,0.9556401039742759,0.0,-0.8908801324593236,1.0,0.0,-0.2068823376697857,1.0,0.0,1.925474897539397,1.0
ENSG00000232079,LINC01697,0.0,-0.9739568816218629,1.0,0.00347846947343169,3.0211415889221165,0.6378627996713825,0.0,1.35008957943303,1.0,0.0,2.501437290319437,1.0,0.0,3.185435085108974,1.0,0.0,5.317792320318158,1.0
ENSG00000232855,AF165147.1,0.0013847770031515615,-1.2958849765092255,0.7087017739851339,0.01043540842029507,2.4361790882009604,0.34503720105789315,0.0,-0.23487292128812598,1.0,0.0,0.9164747895982801,1.0,0.0,1.600472584387818,1.0,0.05858585858585858,4.995864225430794,1.0
ENSG00000156239,N6AMT1,0.012462993028364053,-1.4069162888979694,0.10978000034426975,0.02434928631402183,0.16316059379454462,1.0,0.058746925191723344,1.7975485564042515,0.07750182870954567,0.017033773861967694,-0.0010630502097468408,1.0,0.03998161764705883,1.1410409657505207,1.0,0.0,1.1478673188758446,1.0
ENSG00000198862,LTN1,0.17032757138764204,-0.008445258007153456,1.0,0.11131102314981409,-0.7026486164963557,0.7476921719014755,0.24757632759369122,0.6795513470058003,0.5357170875184053,0.10220264317180618,-0.6929407548474149,1.0,0.22656250000000003,0.49117394189700603,1.0,0.3515151515151515,1.1944099048128745,1.0
ENSG00000156253,RWDD2B,0.01938687804412186,-0.8744212080709488,0.3779563339876893,0.05565551157490704,1.4081647120313647,0.21497188715814136,0.016784835769063814,-0.5759098391231925,0.9846707345766478,0.017033773861967694,-0.23552830384676948,1.0,0.03998161764705883,0.9000328662467254,1.0,0.11717171717171716,2.58082672615195,1.0
ENSG00000273254,AF129075.2,0.0013847770031515615,-1.973956881621863,0.29035492852470857,0.0,-1.1487834125201957,0.8970319068977419,0.029373462595861672,4.35008957943303,0.0031509450587786808,0.0,0.33151228887712403,1.0,0.0,1.015510083666662,1.0,0.0,3.1478673188758446,1.0
ENSG00000156256,USP16,0.3628115748257091,-0.10996357483023922,1.0,0.33045459997601057,-0.2267859245214685,1.0,0.4196208942265953,0.1913174389294443,1.0,0.5110132158590308,0.49259541356763004,0.9900473246694578,0.39981617647058826,0.11449183321734102,1.0,0.17575757575757575,-0.7802397626423698,1.0
ENSG00000156261,CCT8,0.6245344284213542,-0.2225561971920877,0.770721378720369,0.640038383111431,-0.09852864174049936,1.0,0.893792504702648,0.4935040656725774,0.6245441901839719,0.7665198237885463,0.1986602957769858,1.0,0.45312500000000006,-0.5831273539515712,1.0,0.8787878787878787,0.3914963255370454,1.0
ENSG00000231125,AF129075.1,0.002769554006303123,1.611005619099294,0.5588206157767875,0.0,0.4361790882009604,1.0,0.0,0.765127078711874,1.0,0.0,1.916474789598281,1.0,0.0,2.600472584387818,1.0,0.0,4.7328298195970016,1.0
ENSG00000286018,AF129075.3,0.002769554006303123,-1.558919382343019,0.4299380913634984,0.0,-1.4382900297151808,0.7818524687829825,0.0,-1.1093420392042672,0.9514065578144634,0.059618208516886935,4.501437290319437,0.005506845770221643,0.013327205882352942,1.8635069902216124,1.0,0.0,2.8583607016808594,1.0
ENSG00000156265,MAP3K7CL,0.22433387451055295,0.7600614284940064,0.47427848563184294,0.02434928631402183,-2.9618519857721934,0.058641701525953153,0.016784835769063814,-3.3279823256796073,0.0762522842311034,0.6558002936857563,2.2711396708976426,0.061009434420671776,0.10661764705882354,-0.6219198369486301,1.0,0.05858585858585858,-0.6990159673683967,1.0
ENSG00000215533,LINC00189,0.015232547034667176,2.026043118378137,0.09048017471588424,0.0,-1.7862133331354872,0.6378627996713825,0.0,-1.4572653426245745,0.7502997192701308,0.008516886930983847,0.8009975721783444,1.0,0.0,0.3780801630513704,1.0,0.05858585858585858,3.617352602177065,1.0
ENSG00000156273,BACH1,0.5400630312291089,2.7790869205579174,8.394890653421293e-10,0.07304785894206549,-2.2575190520610757,0.00569875011387756,0.02517725365359572,-3.630458057900797,0.00010829498009105084,0.15330396475770927,-0.9988280458264382,1.0,0.1332720588235294,-1.1299203558549022,1.0,0.11717171717171716,-0.8981450788809919,1.0
ENSG00000248476,BACH1-IT1,0.005539108012606246,0.34797121326549973,0.9711218269695646,0.0,-0.9788584110778835,0.8598001373389759,0.0,-0.6499104205669699,1.0,0.008516886930983847,1.6940823682618324,1.0,0.026654411764705885,3.185435085108974,0.5458521521764614,0.0,3.3177923203181567,1.0
ENSG00000273017,AP000240.1,0.0429280870976984,1.856118116935825,0.024774262405003668,0.0,-3.3007865059652453,0.058641701525953153,0.02517725365359572,0.06998166024029562,1.0,0.0,-1.8204908045679256,0.977684966804051,0.026654411764705885,0.522470072386545,1.0,0.0,0.9958642254307941,1.0
ENSG00000232118,BACH1-AS1,0.0013847770031515615,0.02604311837813711,1.0,0.00347846947343169,2.0211415889221165,0.8299360286676019,0.0,0.765127078711874,1.0,0.0,1.916474789598281,1.0,0.0,2.600472584387818,1.0,0.0,4.7328298195970016,1.0
ENSG00000228817,BACH1-IT2,0.012462993028364053,2.3479712132654997,0.07582799973238508,0.00347846947343169,-0.30078650596524525,1.0,0.0,-1.1093420392042672,0.9041689598375575,0.0,0.042005671682139756,1.0,0.0,0.7260034664716768,1.0,0.0,2.8583607016808594,1.0
ENSG00000273464,AP000238.1,0.0013847770031515615,0.02604311837813711,1.0,0.0,0.4361790882009604,1.0,0.0041962089422659535,2.35008957943303,0.7366999130535058,0.0,1.916474789598281,1.0,0.0,2.600472584387818,1.0,0.0,4.7328298195970016,1.0
ENSG00000156299,TIAM1,0.2478750835641295,1.2324939958455636,0.015981173161008413,0.11826796209667746,-0.6504752940532215,0.7818524687829825,0.14267110403704242,-0.32152730354230785,1.0,0.059618208516886935,-1.4643469943426504,0.8273868725371231,0.013327205882352942,-2.814564914891026,0.7108772649867271,0.05858585858585858,-0.6822076796818428,1.0
ENSG00000237594,AP000251.1,0.0,-0.9739568816218629,1.0,0.0,1.0211415889221165,1.0,0.0041962089422659535,3.35008957943303,0.5357170875184053,0.0,2.501437290319437,1.0,0.0,3.185435085108974,1.0,0.0,5.317792320318158,1.0
ENSG00000234509,AP000253.1,0.0,-2.2958849765092255,0.5209850204881631,0.01391387789372676,4.343069683809479,0.10401569535350541,0.0,0.02816148454566747,1.0,0.0,1.1795091954320736,1.0,0.0,1.8635069902216124,1.0,0.0,3.995864225430794,1.0
ENSG00000142168,SOD1,0.5788367873173527,-1.3962926603231125,0.0015024124874002671,1.3218183999040423,0.41363651954987246,0.7511402689251562,1.8673129793083492,1.0529573963928083,0.10925972456813735,1.5245227606461087,0.5817793986370402,0.8574898575517109,1.3060661764705883,0.3199361206973855,1.0,1.1717171717171717,0.13930530537242025,1.0
ENSG00000273271,AP000254.2,0.012462993028364053,0.5406162912078951,0.7473883909242197,0.01043540842029507,0.32070187078102474,1.0,0.0,-1.64991042056697,0.5961346526558184,0.025550660792951544,1.8009975721783444,0.7598131527835941,0.0,0.1854350851089741,1.0,0.0,2.3177923203181567,1.0
ENSG00000156304,SCAF4,0.19109922643491548,-0.09342054822343426,1.0,0.1774019431450162,-0.17323645624473416,1.0,0.15945593980610623,-0.33605175565549317,1.0,0.1788546255506608,-0.10522028150103857,1.0,0.4797794117647059,1.4118948760436136,0.3902108106194687,0.23434343434343433,0.48490230615341523,1.0
ENSG00000273091,AP000255.1,0.0013847770031515615,1.026043118378137,0.7473883909242197,0.0,1.0211415889221165,1.0,0.0,1.35008957943303,1.0,0.0,2.501437290319437,1.0,0.0,3.185435085108974,1.0,0.0,5.317792320318158,1.0
ENSG00000159055,MIS18A,0.03461942507878903,-0.4028001804257375,0.7473883909242197,0.03826316420774859,-0.00860575447193579,1.0,0.06713934307625526,0.9781208020460728,0.504244078150176,0.008516886930983847,-1.3812057590424045,1.0,0.0666360294117647,0.9890378723054711,1.0,0.05858585858585858,1.435149270956316,1.0
ENSG00000227256,MIS18A-AS1,0.0,-0.9739568816218629,1.0,0.0,1.0211415889221165,1.0,0.0041962089422659535,3.35008957943303,0.5357170875184053,0.0,2.501437290319437,1.0,0.0,3.185435085108974,1.0,0.0,5.317792320318158,1.0
ENSG00000142207,URB1,0.027695540063031227,-0.535835769229978,0.6545613653040906,0.05217704210147535,0.8512165874798043,0.6378627996713825,0.020981044711329767,-0.588509875902826,1.0,0.03406754772393539,0.2687765335291612,1.0,0.05330882352941177,0.9527743283186996,1.0,0.11717171717171716,2.2880449769241045,1.0
ENSG00000256073,URB1-AS1,0.023541209053576543,0.19596811982045015,1.0,0.017392347367158452,-0.20125083241433117,1.0,0.0,-2.6943045399254233,0.15852757505976517,0.07665198237885464,2.2384028844856423,0.145888376990761,0.0,-0.8589590342494793,1.0,0.05858585858585858,2.3177923203181567,1.0
ENSG00000166979,EVA1C,0.006923885015757807,-2.598447746529656,0.0019892550789393777,0.03130622526088521,0.2986755644510257,1.0,0.020981044711329767,-0.27440128547476306,1.0,0.1788546255506608,3.5685514861779737,0.00016604758846346316,0.0,-1.2068823376697857,1.0,0.05858585858585858,1.960240315700073,1.0
ENSG00000242220,TCP10L,0.0013847770031515615,-0.9739568816218629,0.8744779385965221,0.00695693894686338,2.0211415889221165,0.6378627996713825,0.0041962089422659535,1.35008957943303,0.9846707345766478,0.0,1.1795091954320736,1.0,0.0,1.8635069902216124,1.0,0.0,3.995864225430794,1.0
ENSG00000159079,CFAP298,0.1897144494317639,-0.79616976240658,0.1441895705478592,0.2887129662948303,0.19429049123871578,1.0,0.4238171031688613,0.8932319044595596,0.21484041841557944,0.23847283406754774,-0.10410608782417174,1.0,0.3465073529411765,0.4686473728803979,1.0,0.29292929292929293,0.34816596936167565,1.0
ENSG00000159082,SYNJ1,0.04846719511030465,0.4955284016793575,0.6545613653040906,0.02434928631402183,-0.7337459132413517,0.8299360286676019,0.02517725365359572,-0.6239152120340252,0.9407605556165386,0.09368575624082233,1.442543601265868,0.4857814155703762,0.013327205882352942,-0.7214555104995446,1.0,0.0,0.38705498275527095,1.0
ENSG00000238197,PAXBP1-AS1,0.0360042020819406,0.4590025256542436,0.7473883909242197,0.02434928631402183,-0.26426062994013133,1.0,0.03776588048039358,0.4625643086914426,1.0,0.025550660792951544,0.07517253561733828,1.0,0.0,-1.338126870948039,1.0,0.0,0.7942303642611437,1.0
ENSG00000159086,PAXBP1,0.14955591634036863,0.20926494243390703,0.8731789990620872,0.13218183999040423,-0.06849562356255934,1.0,0.10490522355664883,-0.4332864796901337,1.0,0.18737151248164466,0.5172046061777529,1.0,0.1332720588235294,0.044953861559143604,1.0,0.0,-1.3546330216533389,1.0
ENSG00000205930,C21orf62-AS1,0.006923885015757807,-2.518277397845673,0.002273200007952343,0.03826316420774859,0.7481230945157007,0.7806051239501108,0.07133555201852121,1.9964526248183296,0.03718367650266723,0.03406754772393539,0.6534403837644858,1.0,0.026654411764705885,0.522470072386545,1.0,0.0,0.9958642254307941,1.0
ENSG00000205929,C21orf62,0.00969343902206093,-1.8319378767494348,0.027043501338822374,0.00695693894686338,-1.4813587516070665,0.530522328850046,0.06713934307625526,2.1156243257960075,0.023807302175669127,0.06813509544787077,1.8640073697041446,0.40557952775968137,0.026654411764705885,0.6829347445797911,1.0,0.0,1.1478673188758446,1.0
ENSG00000184221,OLIG1,0.11770604526788273,4.452307873080235,9.830928200282559e-11,0.0,-4.454591842044281,0.0009472241564731545,0.0,-4.125643851533368,0.003283738847880512,0.0,-2.974296140646961,0.40557952775968137,0.0,-2.2902983458574235,1.0,0.17575757575757575,1.8915275656160588,1.0
ENSG00000159110,IFNAR2,0.3004966096838888,-0.00018842319504241978,1.0,0.33393306944944223,0.19898966493643222,1.0,0.3105194617276805,0.06715561616153143,1.0,0.2469897209985316,-0.27115221357749086,1.0,0.17325367647058826,-0.7419196130592602,1.0,0.5272727272727272,0.8915275656160591,1.0
ENSG00000223799,IL10RB-DT,0.078932289179639,2.299061612784553,0.00023662457339274033,0.01391387789372676,-1.6792981292189753,0.2765446654328143,0.01258862682679786,-1.6943045399254233,0.2823316887323887,0.025550660792951544,-0.5429568290390172,1.0,0.013327205882352942,-0.902027756141365,1.0,0.0,0.2092678635399876,1.0
ENSG00000243646,IL10RB,0.6023779963709293,1.3848365070173618,0.0024059336326509332,0.21566510735276478,-1.0863868753823283,0.3061654105473745,0.23918390970915931,-0.8899615083999244,0.5357170875184053,0.2129221732745962,-0.9780320815544057,1.0,0.3065257352941177,-0.4144777570781537,1.0,0.11717171717171716,-1.3332593708607718,1.0
ENSG00000142166,IFNAR1,0.32819214974692007,-0.044923402976006166,1.0,0.19479429051217464,-0.8975124560022394,0.523200639775592,0.4741716104760527,0.6360851337101352,0.5307874230962345,0.2895741556534508,-0.1926469327818321,1.0,0.5464154411764707,0.7768526079674293,0.9002043863968799,0.29292929292929293,-0.010134515190648452,1.0
ENSG00000159128,IFNGR2,0.9042593830579696,2.057261848988857,2.2325153766792612e-06,0.05913398104833873,-3.4455580301792192,1.1843895897156977e-05,0.18043698451743598,-1.7791934375119365,0.07311276200580873,0.2895741556534508,-0.9747592107972661,1.0,0.7996323529411765,0.5596663679999322,1.0,0.29292929292929293,-0.7554566617124817,1.0
ENSG00000142188,TMEM50B,0.16063413236558113,-0.7474483518131829,0.19054446361461091,0.21914357682619648,0.038148014227807,1.0,0.38185501374620173,1.0598703442730064,0.13804041823118468,0.20440528634361235,-0.044531078785855716,1.0,0.21323529411764708,0.04407923586343232,1.0,0.29292929292929293,0.6219840509087107,1.0
ENSG00000177692,DNAJC28,0.004154331009454684,1.026043118378138,0.6962961063729302,0.0,-0.30078650596524525,1.0,0.0041962089422659535,1.35008957943303,0.9846707345766478,0.0,1.1795091954320736,1.0,0.0,1.8635069902216124,1.0,0.0,3.995864225430794,1.0
ENSG00000159131,GART,0.11216693725527647,-0.43658383941896695,0.6033518680110008,0.13913877893726762,0.11190705284529967,1.0,0.16784835769063813,0.4408550433562124,0.7995950085930237,0.11923641703377387,-0.0835252104017199,1.0,0.18658088235294118,0.6004725843878176,1.0,0.23434343434343433,1.0698648068745713,1.0
ENSG00000159140,SON,1.262916626874224,-0.5079922931453327,0.41302000831988267,1.8505457598656592,0.34611798999533017,0.8299360286676019,1.7414267110403705,0.22159946992263613,0.9846707345766478,1.8311306901615272,0.27689959715143175,1.0,1.7325367647058825,0.17993909735412195,1.0,1.6989898989898988,0.11811997548179265,1.0
ENSG00000159147,DONSON,0.022156432050424984,-0.5869337585126155,0.6545613653040906,0.01391387789372676,-0.9048578296341061,0.7818524687829825,0.07972796990305311,2.1484557182633797,0.01670648469218927,0.017033773861967694,-0.23552830384676948,1.0,0.0,-1.2068823376697857,1.0,0.0,0.9254748975393969,1.0
ENSG00000205758,CRYZL1,0.14124725432145926,-0.4772809133186615,0.5588206157767875,0.19479429051217464,0.2690691023657026,0.9935126503063989,0.2140066560555636,0.4284774781177463,0.7856857036734372,0.11071953010279002,-0.567724734187959,1.0,0.3198529411764706,1.0219363528260947,0.7968488084966189,0.05858585858585858,-0.6305749112665207,1.0
ENSG00000205726,ITSN1,0.06785407315442651,5.669899308152862,1.0865650625385834e-09,0.0,-3.622714600852608,0.014107360168360379,0.0,-3.293766610341695,0.046490723295234626,0.0,-2.142418899455288,0.7598131527835941,0.0,-1.4584211046657503,1.0,0.0,0.6739361305434324,1.0
ENSG00000241837,ATP5PO,1.3376945850444084,-0.22776159979679345,0.7607367807009695,1.2765982967494303,-0.23008351462204357,1.0,1.8547243524815513,0.4295854944237023,0.6975017589106478,1.558590308370044,0.10613600910185483,1.0,1.7458639705882355,0.2727271629051413,1.0,1.6989898989898988,0.1953956889584304,1.0
ENSG00000237945,LINC00649,0.005539108012606246,-4.558919382343019,1.4521861228381222e-11,0.19479429051217464,1.7665687618365196,0.0061962986952500436,0.16784835769063813,1.3153241612723536,0.1098645487767614,0.18737151248164466,1.3525739044049536,0.43727422999083054,0.0,-2.768761225277901,0.9002043863968799,0.05858585858585858,0.3752778149789169,1.0
ENSG00000273102,AP000569.1,0.0,-0.9739568816218629,1.0,0.0,1.0211415889221165,1.0,0.0041962089422659535,3.35008957943303,0.5357170875184053,0.0,2.501437290319437,1.0,0.0,3.185435085108974,1.0,0.0,5.317792320318158,1.0
ENSG00000243927,MRPS6,0.293572724668131,-0.49191269384627323,0.47789970548182836,0.5843828715365239,0.9749377989946492,0.1825752003043215,0.3147156706699465,-0.18988546651481553,1.0,0.20440528634361235,-0.80015035628375,1.0,0.37316176470588236,0.10972542528431228,1.0,0.5272727272727272,0.6510357284333534,1.0
ENSG00000198743,SLC5A3,0.09554961321745774,-0.3524685048755929,0.741652726387284,0.08696173683579225,-0.35523428998762174,1.0,0.14686731297930836,0.5542302962132557,0.6762910420817786,0.1788546255506608,0.8419278362332263,0.7800964352570041,0.09329044117647059,-0.07195275758367803,1.0,0.11717171717171716,0.5989740728622102,1.0
ENSG00000227456,LINC00310,0.0,-1.5589193823430199,0.7473883909242197,0.00347846947343169,2.0211415889221165,0.8299360286676019,0.0,0.765127078711874,1.0,0.008516886930983847,3.501437290319437,0.7800964352570041,0.0,2.600472584387818,1.0,0.0,4.7328298195970016,1.0
ENSG00000214955,AP000317.1,0.0013847770031515615,1.026043118378137,0.7473883909242197,0.0,1.0211415889221165,1.0,0.0,1.35008957943303,1.0,0.0,2.501437290319437,1.0,0.0,3.185435085108974,1.0,0.0,5.317792320318158,1.0
ENSG00000205670,SMIM11A,0.0,-3.143881883064176,0.0992815441859888,0.00347846947343169,0.021141588922116483,1.0,0.008392417884531907,1.1276971580965824,0.8611457408597312,0.017033773861967694,2.2790448689829885,0.7800964352570041,0.03998161764705883,3.600472584387818,0.35318935694654907,0.0,3.1478673188758446,1.0
ENSG00000180509,KCNE1,0.07754751217648743,5.858933132542879,1.7066099658137496e-10,0.0,-3.811748425242625,0.006901811274861193,0.0,-3.482800434731712,0.0320504525061995,0.0,-2.331452723845305,0.5633347275578798,0.0,-1.6474549290557672,1.0,0.0,0.48490230615341545,1.0
ENSG00000159200,RCAN1,0.078932289179639,0.7547410965607426,0.34095363483361396,0.03826316420774859,-0.7337459132413522,0.7818524687829825,0.020981044711329767,-1.5078914156945413,0.2823316887323887,0.09368575624082233,0.746549788155968,0.9900473246694578,0.07996323529411765,0.5665252524644799,1.0,0.05858585858585858,0.8099976801194608,1.0
ENSG00000159212,CLIC6,0.0,-1.5589193823430199,0.7473883909242197,0.00347846947343169,2.0211415889221165,0.8299360286676019,0.0041962089422659535,2.35008957943303,0.7502997192701308,0.0,1.916474789598281,1.0,0.0,2.600472584387818,1.0,0.0,4.7328298195970016,1.0
ENSG00000159216,RUNX1,0.22848820552000762,0.20141020488869765,0.8554741998372251,0.23653592419335492,0.19892870813739982,1.0,0.14686731297930836,-0.5937275851738457,0.881386069726341,0.2469897209985316,0.26366964309607277,1.0,0.14659926470588236,-0.46322209092957145,1.0,0.17575757575757575,0.04632929241378214,1.0
ENSG00000185917,SETD4,0.04985197211345621,-0.7186998263797886,0.3473881871235941,0.07652632841549718,0.2967760315355443,1.0,0.08812038778758502,0.5427346573754259,0.7856857036734372,0.07665198237885464,0.34763195424040116,1.0,0.10661764705882354,0.8635069902216115,1.0,0.05858585858585858,0.7178794781310294,1.0
ENSG00000159228,CBR1,0.2409511985483717,0.3792221472499393,0.6545613653040906,0.15653112630442606,-0.5105788905220598,0.8970319068977419,0.21820286499782957,0.06120174630967545,1.0,0.22143906020558005,0.10150668343080094,1.0,0.14659926470588236,-0.4584211046657507,1.0,0.11717171717171716,-0.3687082068650618,1.0
ENSG00000236830,CBR3-AS1,0.023541209053576543,-0.5044715983206425,0.7318320619985617,0.00695693894686338,-1.7514479149748112,0.2975356742898654,0.09651280567211692,2.613123985266824,0.0009163520541000818,0.0,-1.9248274643826617,0.7957809130096776,0.0,-1.2408296695931238,1.0,0.0,0.8915275656160588,1.0
ENSG00000159231,CBR3,0.002769554006303123,-3.848425999538004,2.2325153766792612e-06,0.017392347367158452,-0.7514479149748112,0.8598001373389759,0.13008247721024455,3.443198983824512,6.761893176179321e-07,0.017033773861967694,-0.37303182759670417,1.0,0.0666360294117647,1.4128455812120464,0.9002043863968799,0.0,0.7942303642611437,1.0
ENSG00000142197,DOP1B,0.12047559927418584,-0.1438818830641755,0.9711218269695646,0.05217704210147535,-1.3967109259637813,0.2765446654328143,0.10490522355664883,-0.2803875805404945,1.0,0.11071953010279002,-0.1258360152596838,1.0,0.5997242647058824,2.5694456887671935,0.003838385990575869,0.0,-1.2213664907898747,1.0
ENSG00000273199,AP000692.2,0.002769554006303123,-1.7109224757880686,0.35317476630260786,0.01391387789372676,1.343069683809479,0.6378627996713825,0.016784835769063814,1.6720176743203927,0.504244078150176,0.008516886930983847,1.0420056716821398,1.0,0.0,0.600472584387818,1.0,0.0,2.7328298195970007,1.0
ENSG00000159256,MORC3,0.2506446375704326,0.10757300387473556,1.0,0.21914357682619648,-0.15876750109281756,1.0,0.23918390970915931,-0.0013827910683477107,1.0,0.1788546255506608,-0.4141705223901906,1.0,0.37316176470588236,0.6991201723207288,1.0,0.11717171717171716,-0.5525723992652476,1.0
ENSG00000228107,AP000692.1,0.00969343902206093,-1.4333885002591602,0.17804559452184418,0.01043540842029507,-0.6792981292189753,1.0,0.04196208942265953,1.5615936846267422,0.2080674700687978,0.017033773861967694,0.33151228887712403,1.0,0.07996323529411765,2.469228051109565,0.3443385514576542,0.0,1.4598113251905849,1.0
ENSG00000159259,CHAF1B,0.004154331009454684,-1.2958849765092246,0.461836327346345,0.01391387789372676,1.173144682367167,0.7878952333163493,0.020981044711329767,1.935052080154187,0.24350198150821878,0.0,-0.19900242782165556,1.0,0.0,0.48499536696788237,1.0,0.0,2.617352602177065,1.0
ENSG00000233818,AP000695.2,0.0,-0.9739568816218629,1.0,0.00347846947343169,3.0211415889221165,0.6378627996713825,0.0,1.35008957943303,1.0,0.0,2.501437290319437,1.0,0.0,3.185435085108974,1.0,0.0,5.317792320318158,1.0
ENSG00000159267,HLCS,0.02908031706618279,-0.2694127651480347,0.8929635284246669,0.02782775578745352,-0.13086150452293221,1.0,0.03356967153812763,0.19808648598797962,1.0,0.06813509544787077,1.3494341968743866,0.5572150191643606,0.026654411764705885,0.24683562977311713,1.0,0.0,0.7328298195970007,1.0
ENSG00000224790,AP000704.1,0.0,-2.55891938234302,0.27885021962325446,0.00347846947343169,0.6992134940347547,1.0,0.0,-0.23487292128812598,1.0,0.025550660792951544,3.916474789598281,0.2400058605551673,0.013327205882352942,2.8635069902216124,1.0,0.0,3.7328298195970007,1.0
ENSG00000183145,RIPPLY3,0.0,-0.9739568816218629,1.0,0.00347846947343169,3.0211415889221165,0.6378627996713825,0.0,1.35008957943303,1.0,0.0,2.501437290319437,1.0,0.0,3.185435085108974,1.0,0.0,5.317792320318158,1.0
ENSG00000185808,PIGP,0.12739948428994366,-0.7202002893760797,0.23707321441276183,0.11826796209667746,-0.5910423805340637,0.8299360286676019,0.3650701779771379,1.4786043199557104,0.021768490023383255,0.1958883994126285,0.27261859982355574,1.0,0.07996323529411765,-0.9260732301080163,1.0,0.29292929292929293,0.9779423174335322,1.0
ENSG00000182670,TTC3,0.5248304841944418,-0.538527593511841,0.3879790991958398,0.5704689936427971,-0.21430698523977731,1.0,0.8854000868181161,0.5662573802288499,0.5357170875184053,0.9624082232011748,0.640840346984853,0.7969696145781112,0.8129595588235294,0.35827168197118964,1.0,0.703030303030303,0.15869725207659624,1.0
ENSG00000228677,TTC3-AS1,0.0,-0.9739568816218629,1.0,0.0,1.0211415889221165,1.0,0.0,1.35008957943303,1.0,0.008516886930983847,4.501437290319437,0.5572150191643606,0.0,3.185435085108974,1.0,0.0,5.317792320318158,1.0
ENSG00000230366,DSCR9,0.0,-2.7813118036794675,0.17860147871497892,0.00347846947343169,0.4361790882009604,1.0,0.0041962089422659535,0.765127078711874,1.0,0.008516886930983847,1.91647478959828,1.0,0.026654411764705885,3.4484694909427684,0.5458521521764614,0.05858585858585858,4.732829819597001,1.0
ENSG00000157538,VPS26C,0.1467863623340655,-0.27688401457916934,0.7473883909242197,0.13566030946383592,-0.29355493673416966,1.0,0.2140066560555636,0.5036348376864859,0.6975017589106478,0.2299559471365639,0.5876930236698557,0.9900473246694578,0.14659926470588236,-0.056150901460784386,1.0,0.17575757575757575,0.4412753737531574,1.0
ENSG00000272948,AP001412.1,0.0,-2.7813118036794675,0.1575305623439819,0.00347846947343169,0.4361790882009604,1.0,0.0,-0.4572653426245745,1.0,0.0,0.6940823682618324,1.0,0.0,1.3780801630513704,1.0,0.29292929292929293,7.902754821039314,0.00024058272369064965
ENSG00000287637,AP001437.2,0.0013847770031515615,1.026043118378137,0.7473883909242197,0.0,1.0211415889221165,1.0,0.0,1.35008957943303,1.0,0.0,2.501437290319437,1.0,0.0,3.185435085108974,1.0,0.0,5.317792320318158,1.0
ENSG00000273210,AP001437.1,0.004154331009454684,-1.558919382343019,0.2886073280178176,0.00347846947343169,-0.7862133331354872,1.0,0.02517725365359572,1.9875195000483226,0.19166952493322195,0.017033773861967694,1.3859600728995005,1.0,0.013327205882352942,1.3780801630513704,1.0,0.05858585858585858,3.510437398260553,1.0
ENSG00000157540,DYRK1A,0.21048610447903734,-0.20842213525888598,0.8452677577374585,0.29914837471512534,0.5215705794316052,0.644292897024643,0.17624077557517004,-0.40355475587980605,1.0,0.2469897209985316,0.1651539024550044,1.0,0.2532169117647059,0.21734433306371814,1.0,0.17575757575757575,-0.044151453417084596,1.0
ENSG00000157551,KCNJ15,0.008308662018909369,1.2484355397145848,0.6545613653040906,0.0,-1.1487834125201957,1.0,0.0041962089422659535,0.3500895794330301,1.0,0.008516886930983847,1.501437290319437,1.0,0.0,1.015510083666662,1.0,0.0,3.1478673188758446,1.0
ENSG00000157557,ETS2,0.29634227867443413,2.9668810459099935,9.727447814171294e-10,0.02782775578745352,-2.679298129218975,0.0023108935410028277,0.016784835769063814,-3.222800088987551,0.001591358993645636,0.11071953010279002,-0.5304115757199028,1.0,0.013327205882352942,-2.7274542511209874,0.7256667888743477,0.05858585858585858,-0.5950970159118047,1.0
ENSG00000235888,AF064858.1,0.002769554006303123,1.611005619099294,0.5911043091202796,0.0,0.4361790882009604,1.0,0.0,0.765127078711874,1.0,0.0,1.916474789598281,1.0,0.0,2.600472584387818,1.0,0.0,4.7328298195970016,1.0
ENSG00000183527,PSMG1,0.08170184318594212,-0.5748609262120405,0.461836327346345,0.16696653472472112,0.9634260910658297,0.2765446654328143,0.08812038778758502,-0.20170605735292702,1.0,0.05110132158590309,-0.8611327890652718,1.0,0.1332720588235294,0.5155836868013046,1.0,0.29292929292929293,1.7228457310243785,1.0
ENSG00000185658,BRWD1,0.23956642154522012,-0.45582588937891555,0.5586570218709686,0.30262684418855706,0.1186294338241729,1.0,0.38185501374620173,0.5293556275742264,0.6180021481982618,0.3321585903083701,0.26494467193813453,1.0,0.2665441176470588,-0.05160411219187533,1.0,0.29292929292929293,0.2197602373576304,1.0
ENSG00000272991,AF129408.1,0.0,-1.5589193823430199,0.7651415306687389,0.00695693894686338,3.6061040896432726,0.2975356742898654,0.0,0.765127078711874,1.0,0.0,1.916474789598281,1.0,0.0,2.600472584387818,1.0,0.0,4.7328298195970016,1.0
ENSG00000237373,BRWD1-IT1,0.0013847770031515615,-0.5589193823430199,1.0,0.00347846947343169,1.4361790882009604,0.9661073938646507,0.0,0.3500895794330301,1.0,0.008516886930983847,2.916474789598281,0.927673081560832,0.0,2.185435085108974,1.0,0.0,4.317792320318158,1.0
ENSG00000255568,BRWD1-AS2,0.00969343902206093,3.026043118378138,0.04766399377965445,0.0,-0.9788584110778835,0.8598001373389759,0.0,-0.6499104205669699,1.0,0.0,0.5014372903194371,1.0,0.0,1.185435085108974,1.0,0.0,3.3177923203181567,1.0
ENSG00000205581,HMGN1,0.7962467768121478,-1.3246505607358303,0.002513568481974775,1.683579225140938,0.33565221224699643,0.8299360286676019,2.1023006800752424,0.7301107868130674,0.33749633556979547,2.2058737151248167,0.722096744431429,0.7598131527835941,2.4655330882352944,0.8642828412975239,0.7968488084966189,2.2848484848484847,0.6703338938632367,1.0
ENSG00000182093,GET1,0.08308662018909369,0.04988986033250464,1.0,0.06956938946863381,-0.2303971780738472,1.0,0.046158298364925486,-0.8331322446227394,0.7856857036734372,0.16182085168869312,1.1651539024550042,0.5572150191643606,0.11994485294117647,0.7129473136462305,1.0,0.0,-0.5890982752903615,1.0
ENSG00000157578,LCA5L,0.0,-0.9739568816218629,1.0,0.00347846947343169,3.0211415889221165,0.6378627996713825,0.0,1.35008957943303,1.0,0.0,2.501437290319437,1.0,0.0,3.185435085108974,1.0,0.0,5.317792320318158,1.0
ENSG00000185437,SH3BGR,0.0,-3.55891938234302,0.0217592496161886,0.00695693894686338,0.2841759947559108,1.0,0.0041962089422659535,-0.10934203920426722,1.0,0.05110132158590309,3.723829711655884,0.047694566298229095,0.026654411764705885,2.4484694909427684,0.9002043863968799,0.0,2.7328298195970007,1.0
ENSG00000182240,BACE2,0.0013847770031515615,-4.2958849765092255,1.282704129891782e-05,0.00347846947343169,-2.3007865059652453,0.2765446654328143,0.0041962089422659535,-1.9718385154543325,0.3743254204380877,0.008516886930983847,-0.8204908045679256,1.0,0.4797794117647059,7.072960355850562,1.8330348520442645e-14,0.0,0.960240315700073,1.0
ENSG00000183844,FAM3B,0.0013847770031515615,1.026043118378137,0.7473883909242197,0.0,1.0211415889221165,1.0,0.0,1.35008957943303,1.0,0.0,2.501437290319437,1.0,0.0,3.185435085108974,1.0,0.0,5.317792320318158,1.0
ENSG00000183486,MX2,0.3004966096838888,0.4105231506810112,0.6037213646837094,0.1704450041981528,-0.723019506648293,0.6953801379573643,0.2223990739400955,-0.26571032521071913,1.0,0.2895741556534508,0.17950919543207444,1.0,0.37316176470588236,0.5676826492701481,1.0,0.11717171717171716,-0.6746740069964356,1.0
ENSG00000157601,MX1,0.1897144494317639,-0.4653452670308216,0.5678588462935791,0.22262204629962817,-0.017186529736982425,1.0,0.15945593980610623,-0.5592650561269692,0.9514065578144634,0.4088105726872247,0.9714888916027624,0.5572150191643606,0.4797794117647059,1.1903173064887203,0.5458521521764614,0.4101010101010101,0.977942317433532,1.0
ENSG00000141956,PRDM15,0.024925986056728106,-0.185460986815575,1.0,0.017392347367158452,-0.5231789273016938,1.0,0.008392417884531907,-1.3128754332893982,0.5357170875184053,0.05110132158590309,1.2213293711267008,0.7598131527835941,0.10661764705882354,2.3553600865512863,0.1715364723799084,0.0,0.9958642254307941,1.0
ENSG00000227698,AP001619.1,0.0,-0.9739568816218629,1.0,0.0,1.0211415889221165,1.0,0.0,1.35008957943303,1.0,0.008516886930983847,4.501437290319437,0.5572150191643606,0.0,3.185435085108974,1.0,0.0,5.317792320318158,1.0
ENSG00000157617,C2CD2,0.024925986056728106,0.4666157097641186,0.7473883909242197,0.02782775578745352,0.6061040896432734,0.9661073938646507,0.008392417884531907,-0.9718385154543316,0.7856857036734372,0.0,-1.498562709680563,1.0,0.026654411764705885,0.8635069902216115,1.0,0.05858585858585858,2.363596009931282,1.0
ENSG00000173276,ZBTB21,0.04431286410084997,-0.05884577920837586,1.0,0.06261245052177042,0.6543592582504942,0.7174069873314811,0.046158298364925486,0.12769715809658244,1.0,0.008516886930983847,-1.5429568290390172,0.977684966804051,0.05330882352941177,0.5300832564964195,1.0,0.0,0.2517031298603847,1.0
ENSG00000237232,ZNF295-AS1,0.0,-0.9739568816218629,1.0,0.0,1.0211415889221165,1.0,0.0041962089422659535,3.35008957943303,0.5357170875184053,0.0,2.501437290319437,1.0,0.0,3.185435085108974,1.0,0.0,5.317792320318158,1.0
ENSG00000177398,UMODL1,0.0,-1.973956881621863,0.5698505008709661,0.0,0.021141588922116483,1.0,0.0,0.3500895794330301,1.0,0.0,1.501437290319437,1.0,0.0,2.185435085108974,1.0,0.17575757575757575,8.317792320318159,0.0015104638110932367
ENSG00000184385,UMODL1-AS1,0.008308662018909369,2.8333980404357417,0.08241704842653078,0.0,-0.7862133331354872,1.0,0.0,-0.4572653426245745,1.0,0.0,0.6940823682618324,1.0,0.0,1.3780801630513704,1.0,0.0,3.510437398260553,1.0
ENSG00000160179,ABCG1,0.0180021010409703,-1.867041677705351,0.00556803314100874,0.034784694734316904,-0.30078650596524614,1.0,0.10490522355664883,1.72860120268676,0.04389790033899322,0.059618208516886935,0.6434562951918643,1.0,0.11994485294117647,1.7000082579387326,0.5366696498339311,0.0,0.2954245072897024,1.0
ENSG00000160183,TMPRSS3,0.0,-1.5589193823430199,0.7588891527718247,0.00347846947343169,2.0211415889221165,0.8299360286676019,0.0,0.765127078711874,1.0,0.008516886930983847,3.501437290319437,0.7800964352570041,0.0,2.600472584387818,1.0,0.0,4.7328298195970016,1.0
ENSG00000160185,UBASH3A,0.0013847770031515615,-5.277737629798967,8.881684796194581e-11,0.12522490104354084,1.7711633359137693,0.014107360168360379,0.10490522355664883,1.2691695840494628,0.15852757505976517,0.13627019089574155,1.5889001315697766,0.32814825695675937,0.0,-2.1364930097783876,1.0,0.05858585858585858,1.0140115721410536,1.0
ENSG00000160188,RSPH1,0.0,-0.9739568816218629,1.0,0.0,1.0211415889221165,1.0,0.0,1.35008957943303,1.0,0.008516886930983847,4.501437290319437,0.5572150191643606,0.0,3.185435085108974,1.0,0.0,5.317792320318158,1.0
ENSG00000160190,SLC37A1,0.03461942507878903,-1.665834586259531,0.003871251093176098,0.08696173683579225,0.32926388428444886,0.9949778014606233,0.016784835769063814,-2.04222784334573,0.12589610799877152,0.38325991189427316,3.02499924637645,3.499134891975053e-05,0.10661764705882354,0.6971486037994916,1.0,0.05858585858585858,0.5629048181546885,1.0
ENSG00000160191,PDE9A,0.0,-3.973956881621863,0.003871251093176098,0.00347846947343169,-0.8857490066864022,1.0,0.058746925191723344,5.256980175041549,7.84282024498119e-06,0.0,-0.49856270968056293,1.0,0.0,0.1854350851089741,1.0,0.0,2.3177923203181567,1.0
ENSG00000160193,WDR4,0.022156432050424984,-1.056419041813836,0.19613410163583278,0.04869857262804366,0.68010467108705,0.7818524687829825,0.03356967153812763,0.060582962238044935,1.0,0.008516886930983847,-1.170988051652059,1.0,0.14659926470588236,2.4128455812120464,0.09784146378621025,0.05858585858585858,1.6453669783466616,1.0
ENSG00000160194,NDUFV3,0.36835068283831535,0.6604742953635931,0.26375330367950783,0.24697133261365,-0.3285696624787833,1.0,0.19302561134423385,-0.7100314130045406,0.7366999130535058,0.2725403817914831,-0.11950450750728603,1.0,0.21323529411764708,-0.4482012623478717,1.0,0.3515151515151515,0.37025974021229247,1.0
ENSG00000233056,ERVH48-1,0.0013847770031515615,-0.5589193823430199,1.0,0.0,0.021141588922116483,1.0,0.008392417884531907,2.935052080154187,0.4406120315661147,0.0,1.501437290319437,1.0,0.0,2.185435085108974,1.0,0.0,4.317792320318158,1.0
ENSG00000160199,PKNOX1,0.062314965141820264,-0.2052824277283185,0.8929635284246669,0.08000479788892888,0.3581765761996878,0.9661073938646507,0.09231659672985097,0.6068649947951417,0.6947863128148434,0.05110132158590309,-0.23036659873099108,1.0,0.026654411764705885,-0.8295152563569972,1.0,0.0,-0.3115642997614527,1.0
ENSG00000160201,U2AF1,0.10524305223951867,0.8665649043709402,0.1959296776741265,0.034784694734316904,-1.2876111172175122,0.34503720105789315,0.09651280567211692,0.35008957943303054,0.9514922705650649,0.017033773861967694,-1.7839649285428116,0.7957809130096776,0.09329044117647059,0.37808016305136993,1.0,0.0,-0.5770254429897865,1.0
ENSG00000286549,AP001631.2,0.0013847770031515615,1.026043118378137,0.7473883909242197,0.0,1.0211415889221165,1.0,0.0,1.35008957943303,1.0,0.0,2.501437290319437,1.0,0.0,3.185435085108974,1.0,0.0,5.317792320318158,1.0
ENSG00000237989,LINC01679,0.0013847770031515615,0.02604311837813711,1.0,0.0,0.4361790882009604,1.0,0.0041962089422659535,2.35008957943303,0.7502997192701308,0.0,1.916474789598281,1.0,0.0,2.600472584387818,1.0,0.0,4.7328298195970016,1.0
ENSG00000142178,SIK1,0.004154331009454684,-0.7813118036794666,0.7651415306687389,0.00695693894686338,0.6061040896432726,1.0,0.0,-0.9718385154543325,0.8891224042818829,0.017033773861967694,2.086399791040593,0.7957809130096776,0.026654411764705885,2.77039758583013,0.7256667888743477,0.0,2.995864225430794,1.0
ENSG00000160207,HSF2BP,0.0,-0.9739568816218629,1.0,0.0,1.0211415889221165,1.0,0.0,1.35008957943303,1.0,0.008516886930983847,4.501437290319437,0.5572150191643606,0.0,3.185435085108974,1.0,0.0,5.317792320318158,1.0
ENSG00000160208,RRP1B,0.10524305223951867,-1.2228701792110037,0.01692625479165156,0.2747990884011035,0.8512165874798046,0.2975356742898654,0.1972218202864998,0.2071316255909874,1.0,0.3321585903083701,1.0420056716821393,0.5572150191643606,0.19990808823529413,0.2546977475460874,1.0,0.11717171717171716,-0.10286972815456519,1.0
ENSG00000160209,PDXK,0.49990449813771365,1.692998991296601,0.00015701936843775976,0.16696653472472112,-1.102240826583165,0.3061654105473745,0.19302561134423385,-0.8401554063888781,0.5961346526558184,0.06813509544787077,-2.195916447947913,0.4584076123511713,0.10661764705882354,-1.5119186531583755,1.0,0.17575757575757575,-0.5648507290436844,1.0
ENSG00000160213,CSTB,1.7323560309426034,0.7557291310983143,0.13498325132925004,1.1618088041261845,-0.298200257813631,1.0,1.0238749819128925,-0.49627069048481265,0.9514922705650649,0.7580029368575625,-0.911344235019039,1.0,0.8262867647058825,-0.7620974949968906,1.0,1.4646464646464645,0.06621887356976264,1.0
ENSG00000160214,RRP1,0.05816063413236558,-0.8514728750968676,0.19613410163583278,0.10783255367638239,0.5292884925924422,0.7511402689251562,0.11749385038344669,0.668911763452571,0.5961346526558184,0.11071953010279002,0.5539047102135721,1.0,0.0666360294117647,-0.08758340929744168,1.0,0.05858585858585858,0.4109017247096385,1.0
ENSG00000215458,AATBC,0.09139528220800305,4.507169808114753,9.727447814171294e-10,0.0,-4.087382867856053,0.0023108935410028277,0.0,-3.758434877345139,0.01394773664028084,0.0,-2.607087166458732,0.5572150191643606,0.0,-1.923089371669195,1.0,0.11717171717171716,1.8366656305815408,1.0
ENSG00000160216,AGPAT3,0.30326616369019194,1.3316694009363992,0.00556803314100874,0.11826796209667746,-0.9476074770934431,0.5049468889536608,0.10070901461438288,-1.1558013502969273,0.3666268089989989,0.1958883994126285,-0.06841831801151121,1.0,0.07996323529411765,-1.2456147321585007,1.0,0.05858585858585858,-0.9443025250520223,1.0
ENSG00000160218,TRAPPC10,0.12047559927418584,-0.4093430262925093,0.6330247878322245,0.22262204629962817,0.8937622824458895,0.2975356742898654,0.11329764144118074,-0.3263712757736217,1.0,0.03406754772393539,-1.8348460975449963,0.6808793655079145,0.23988970588235295,0.8787737468749222,0.9002043863968799,0.29292929292929293,1.251703129860385,1.0
ENSG00000241945,PWP2,0.004154331009454684,-1.4333885002591602,0.3596317808316025,0.017392347367158452,1.4361790882009604,0.5195525081140413,0.016784835769063814,1.35008957943303,0.5378063910184985,0.0,-0.30591763173816755,1.0,0.0,0.3780801630513704,1.0,0.05858585858585858,3.617352602177065,1.0
ENSG00000160221,GATD3A,0.0720084041638812,-0.3121256175164362,0.7473883909242197,0.09739714525608732,0.3713279438509929,0.94230659911451,0.06713934307625526,-0.24894810649984844,1.0,0.13627019089574155,0.9023996043865576,0.7800964352570041,0.07996323529411765,0.17261104475139044,1.0,0.0,-0.5770254429897865,1.0
ENSG00000225331,LINC01678,0.0360042020819406,0.5330031070980201,0.6830861967298355,0.01391387789372676,-1.0144823208086047,0.7423457015572058,0.008392417884531907,-1.4912126745479108,0.4963519440683291,0.025550660792951544,0.10911986754067637,1.0,0.11994485294117647,2.337438178554024,0.1715364723799084,0.0,0.825939223988482,1.0
ENSG00000285413,AP001056.2,0.002769554006303123,1.611005619099294,0.5588206157767875,0.0,0.4361790882009604,1.0,0.0,0.765127078711874,1.0,0.0,1.916474789598281,1.0,0.0,2.600472584387818,1.0,0.0,4.7328298195970016,1.0
ENSG00000237604,AP001056.1,0.0013847770031515615,-1.2958849765092255,0.741652726387284,0.00347846947343169,0.6992134940347547,1.0,0.0041962089422659535,1.0281614845456675,1.0,0.0,0.9164747895982801,1.0,0.026654411764705885,3.77039758583013,0.4886263159246509,0.0,3.7328298195970007,1.0
ENSG00000232124,AP001057.1,0.0,-2.973956881621863,0.10978000034426975,0.0,-0.9788584110778835,1.0,0.0041962089422659535,0.5427346573754255,1.0,0.0,0.5014372903194371,1.0,0.07996323529411765,5.992790007166578,0.0005049848751304496,0.0,3.3177923203181567,1.0
ENSG00000160223,ICOSLG,0.013847770031515614,-1.558919382343019,0.07144446263580469,0.0,-3.4051231657799814,0.058641701525953153,0.008392417884531907,-1.4224999244638967,0.5357170875184053,0.03406754772393539,0.5379631663445501,1.0,0.3465073529411765,4.852859746022103,4.167441108395027e-08,0.0,0.8915275656160588,1.0
ENSG00000278158,AP001059.3,0.0,-4.617813071396588,0.00013763236763254268,0.0,-2.622714600852608,0.2765446654328143,0.01258862682679786,-0.10934203920426722,1.0,0.0,-1.1424188994552882,1.0,0.2798713235294118,6.6448667037462705,1.9088980672052876e-10,0.0,1.6739361305434324,1.0
ENSG00000275799,AP001059.2,0.0013847770031515615,-3.9281531920087387,0.0001870196531040864,0.0,-2.9788584110778835,0.20487955325480114,0.02517725365359572,0.4570047833495421,1.0,0.0,-1.498562709680563,1.0,0.3198529411764706,5.8292912748836985,4.014341427510525e-09,0.0,1.3177923203181567,1.0
ENSG00000142182,DNMT3L,0.0,-0.9739568816218629,1.0,0.0,1.0211415889221165,1.0,0.0,1.35008957943303,1.0,0.0,2.501437290319437,1.0,0.013327205882352942,5.185435085108974,0.5458521521764614,0.0,5.317792320318158,1.0
ENSG00000232010,AP001059.1,0.0013847770031515615,-0.5589193823430199,1.0,0.0,0.021141588922116483,1.0,0.0,0.3500895794330301,1.0,0.0,1.501437290319437,1.0,0.026654411764705885,4.77039758583013,0.3443385514576542,0.0,4.317792320318158,1.0
ENSG00000160224,AIRE,0.0,-2.973956881621863,0.1436837095315296,0.00347846947343169,0.21378666686451275,1.0,0.020981044711329767,3.350089579433031,0.09091422912494836,0.0,0.5014372903194371,1.0,0.013327205882352942,2.3780801630513704,1.0,0.0,3.3177923203181567,1.0
ENSG00000141959,PFKL,0.44589819501480277,0.19652654639637435,0.842895870888375,0.3234976610291472,-0.43549681482349967,0.9661073938646507,0.3944436405729996,-0.08848343430660255,1.0,0.38325991189427316,-0.114552106022344,1.0,0.6663602941176471,0.7311559542372792,0.9002043863968799,0.23434343434343433,-0.6010709169564374,1.0
ENSG00000241728,AP001062.3,0.0013847770031515615,-0.9739568816218629,0.9065585375341879,0.0,-0.30078650596524525,1.0,0.0,0.02816148454566747,1.0,0.0,1.1795091954320736,1.0,0.03998161764705883,5.185435085108974,0.09824469187779851,0.0,3.995864225430794,1.0
ENSG00000160226,CFAP410,0.062314965141820264,-1.295884976509225,0.0191618144437921,0.12870337051697253,0.3265545970264627,0.9558784484691247,0.15106352192157432,0.6053466346751049,0.6250873729884843,0.26402349486049925,1.4902100348961824,0.24943321196515275,0.11994485294117647,0.26895844067125774,1.0,0.05858585858585858,0.0049093650338014605,1.0
ENSG00000184441,AP001062.1,0.00969343902206093,-0.14388188306417504,1.0,0.0,-1.9788584110778835,0.5489883673303237,0.029373462595861672,2.180164577990718,0.11356552219068827,0.0,-0.49856270968056293,1.0,0.013327205882352942,1.2785444895004554,1.0,0.0,2.3177923203181567,1.0
ENSG00000260256,AP001063.1,0.0013847770031515615,1.026043118378137,0.7473883909242197,0.0,1.0211415889221165,1.0,0.0,1.35008957943303,1.0,0.0,2.501437290319437,1.0,0.0,3.185435085108974,1.0,0.0,5.317792320318158,1.0
ENSG00000142185,TRPM2,0.08447139719224525,2.8103144273227,1.3415354049465e-05,0.01043540842029507,-2.0449476015356556,0.13759044617316832,0.01258862682679786,-1.7159996110247429,0.24350198150821878,0.008516886930983847,-1.607087166458732,0.977684966804051,0.013327205882352942,-0.923089371669195,1.0,0.0,0.18850930337319038,1.0
ENSG00000160233,LRRC3,0.006923885015757807,1.611005619099294,0.3879790991958398,0.0,-0.7862133331354872,1.0,0.0,-0.4572653426245745,1.0,0.008516886930983847,1.91647478959828,1.0,0.0,1.3780801630513704,1.0,0.0,3.510437398260553,1.0
ENSG00000274225,AP001065.3,0.005539108012606246,2.3479712132654997,0.21502596606705107,0.0,-0.30078650596524525,1.0,0.0,0.02816148454566747,1.0,0.0,1.1795091954320736,1.0,0.0,1.8635069902216124,1.0,0.0,3.995864225430794,1.0
ENSG00000184787,UBE2G2,0.3932766688950434,-0.033457893370524516,1.0,0.4139378673383711,0.07628314311457784,1.0,0.47836781941831863,0.3283008906677436,0.8766131560804634,0.3151248164464024,-0.33809803748731726,1.0,0.2798713235294118,-0.4844163131986954,1.0,0.29292929292929293,-0.2671701804029991,1.0
ENSG00000236519,LINC01424,0.0,-0.9739568816218629,1.0,0.0,1.0211415889221165,1.0,0.0,1.35008957943303,1.0,0.008516886930983847,4.501437290319437,0.5572150191643606,0.0,3.185435085108974,1.0,0.0,5.317792320318158,1.0
ENSG00000184900,SUMO3,0.5926845573488683,0.16354664212807202,0.8929635284246669,0.5426412378553437,-0.054925068993473714,1.0,0.4070322673997975,-0.5290560256925838,0.9318457003812566,0.8261380323054333,0.6222916851938223,0.8273868725371231,0.42647058823529416,-0.38855629779117895,1.0,0.4101010101010101,-0.34576578389911605,1.0
ENSG00000183255,PTTG1IP,0.42235698596122623,1.0837586162344246,0.024989076407464915,0.2678421494542401,-0.24420297759887788,1.0,0.12169005932571264,-1.467533678078401,0.15852757505976517,0.23847283406754774,-0.3685021691161907,1.0,0.14659926470588236,-1.01423725972739,1.0,0.05858585858585858,-1.499191302937224,1.0
ENSG00000160255,ITGB2,5.109827141629261,1.0264340396759875,0.023812841975657525,3.8263164207748592,0.011021953298059772,1.0,1.7372305020981045,-1.2751527380815768,0.19237721140127229,1.7970631424375918,-1.148937111029256,0.9900473246694578,1.0261948529411766,-1.9433193753029183,0.9950906931488751,2.4606060606060605,-0.6793215014982383,1.0
ENSG00000227039,ITGB2-AS1,0.1717123483907936,-0.13745561390474226,0.9711218269695646,0.26088521050737673,0.7068266781446302,0.5107645738212244,0.1342786861525105,-0.4634972963360884,1.0,0.08516886930983848,-1.027815777815432,1.0,0.2532169117647059,0.5707252409937658,1.0,0.17575757575757575,0.2898863237482723,1.0
ENSG00000273027,AL844908.2,0.0,-0.9739568816218629,1.0,0.0,1.0211415889221165,1.0,0.0,1.35008957943303,1.0,0.0,2.501437290319437,1.0,0.013327205882352942,5.185435085108974,0.5458521521764614,0.0,5.317792320318158,1.0
ENSG00000183250,LINC01547,0.0,-1.973956881621863,0.5963719952427824,0.0,0.021141588922116483,1.0,0.01258862682679786,4.35008957943303,0.08620956503615794,0.0,1.501437290319437,1.0,0.0,2.185435085108974,1.0,0.0,4.317792320318158,1.0
ENSG00000272825,AL844908.1,0.07339318116703275,1.6110056190992932,0.016967205721404827,0.01391387789372676,-1.723019506648293,0.2765446654328143,0.008392417884531907,-2.173472376623982,0.15852757505976517,0.017033773861967694,-1.022124665737576,1.0,0.11994485294117647,1.5531668696094614,0.5458521521764614,0.0,0.16804520081347452,1.0
ENSG00000160256,FAM207A,0.11355171425842804,-0.2993571684160301,0.7473883909242197,0.12522490104354084,0.0017762640551857167,1.0,0.12588626826797858,0.018883670957657195,1.0,0.16182085168869312,0.4396610927327469,1.0,0.17325367647058826,0.5581617795298532,1.0,0.29292929292929293,1.4029089339561078,1.0
ENSG00000276529,AP001505.1,0.012462993028364053,-0.7394916279848402,0.6240956534175148,0.00347846947343169,-1.6227146008526079,0.5444720540802815,0.03356967153812763,1.35008957943303,0.4107373191358409,0.025550660792951544,0.977875334262424,1.0,0.026654411764705885,1.185435085108974,1.0,0.11717171717171716,3.3177923203181567,1.0
ENSG00000197381,ADARB1,0.013847770031515614,-3.3089411293346718,8.617779264312094e-08,0.09739714525608732,0.33996377294165736,0.9661073938646507,0.15945593980610623,1.2604523669483538,0.13913456897162574,0.11071953010279002,0.5539047102135721,1.0,0.41314338235294124,2.693581988779299,0.006067255237707945,0.0,-0.6010709169564379,1.0
ENSG00000186866,POFUT2,0.04015853309139528,-0.5264979046506424,0.6077659237383823,0.05913398104833873,0.3837116683068258,0.9661073938646507,0.03356967153812763,-0.5023532321531121,1.0,0.09368575624082233,1.1322034806537173,0.6980593810222104,0.09329044117647059,1.1410409657505203,0.9002043863968799,0.0,0.12796776143814004,1.0
ENSG00000223768,LINC00205,0.022156432050424984,0.943580958186164,0.42341027607177567,0.0,-2.622714600852608,0.20487955325480114,0.01258862682679786,-0.10934203920426722,1.0,0.04258443465491924,1.7644716961532305,0.5572150191643606,0.0,-0.45842110466575026,1.0,0.0,1.6739361305434324,1.0
ENSG00000182871,COL18A1,0.012462993028364053,-2.044346209513261,0.00556803314100874,0.017392347367158452,-0.9174578664137405,0.7818524687829825,0.14686731297930836,3.5200145808753427,6.761893176179321e-07,0.008516886930983847,-1.1424188994552882,1.0,0.0,-1.486990256862521,1.0,0.0,0.6453669783466616,1.0
ENSG00000173638,SLC19A1,0.12047559927418584,2.398011895765095,2.1827081146942786e-05,0.00347846947343169,-3.6653589382611016,0.0016168923144326908,0.03356967153812763,-1.0649479198458138,0.5378063910184985,0.03406754772393539,-0.8204908045679264,1.0,0.026654411764705885,-0.9020277561413654,1.0,0.05858585858585858,0.6312917931349387,1.0
ENSG00000233922,LINC01694,0.002769554006303123,-0.3889943809007059,1.0,0.0,-0.5638209117990396,1.0,0.0,-0.23487292128812598,1.0,0.0,0.9164747895982801,1.0,0.0,1.600472584387818,1.0,0.17575757575757575,6.7328298195970016,0.009285473577412703
ENSG00000183570,PCBP3,0.0013847770031515615,-2.433388500259161,0.09912174327044902,0.00347846947343169,-0.43829002971518083,1.0,0.020981044711329767,2.1276971580965824,0.2080674700687978,0.025550660792951544,2.331512288877124,0.5572150191643606,0.013327205882352942,1.7260034664716768,1.0,0.0,2.7328298195970007,1.0
ENSG00000275139,AL133492.1,0.0,-1.973956881621863,0.6545613653040906,0.0,0.021141588922116483,1.0,0.01258862682679786,4.35008957943303,0.12589610799877152,0.0,1.501437290319437,1.0,0.0,2.185435085108974,1.0,0.0,4.317792320318158,1.0
ENSG00000205424,AL592528.1,0.0,-0.9739568816218629,1.0,0.00347846947343169,3.0211415889221165,0.6378627996713825,0.0,1.35008957943303,1.0,0.0,2.501437290319437,1.0,0.0,3.185435085108974,1.0,0.0,5.317792320318158,1.0
ENSG00000286886,AJ011931.2,0.0,-0.9739568816218629,1.0,0.00347846947343169,3.0211415889221165,0.6378627996713825,0.0,1.35008957943303,1.0,0.0,2.501437290319437,1.0,0.0,3.185435085108974,1.0,0.0,5.317792320318158,1.0
ENSG00000142156,COL6A1,0.0,-2.973956881621863,0.1089237089325929,0.01391387789372676,2.343069683809479,0.2975356742898654,0.01258862682679786,2.0281614845456675,0.46933708325456547,0.0,0.5014372903194371,1.0,0.0,1.185435085108974,1.0,0.0,3.3177923203181567,1.0
ENSG00000142173,COL6A2,0.0013847770031515615,-6.007379883159313,1.2036692774995953e-12,0.3861101115509176,4.436179088200961,3.6793378348806164e-13,0.016784835769063814,-2.3279823256796073,0.12589610799877152,0.11071953010279002,0.4139744490690971,1.0,0.026654411764705885,-1.2519702271983242,1.0,0.0,-0.7266017990402966,1.0
ENSG00000160284,SPATC1L,0.0429280870976984,-1.0183510009803158,0.11266622297665552,0.08348326736236056,0.47517321981682503,0.8347220198838482,0.10910143249891478,0.9552299620918165,0.33749633556979547,0.09368575624082233,0.6601350363384948,1.0,0.05330882352941177,-0.031795631111695144,1.0,0.0,-0.28212052186897063,1.0
ENSG00000160285,LSS,0.01938687804412186,-1.1114604053717976,0.17804559452184418,0.08696173683579225,2.262149688425912,0.0023108935410028277,0.020981044711329767,-0.45726534262457363,1.0,0.008516886930983847,-1.022124665737576,1.0,0.013327205882352942,-0.33812687094803895,1.0,0.0,0.7632034686405191,1.0
ENSG00000215424,MCM3AP-AS1,0.006923885015757807,-2.0894340990417986,0.027043501338822374,0.01043540842029507,-0.7862133331354872,0.9661073938646507,0.046158298364925486,1.6131239852668244,0.1784636844522209,0.09368575624082233,2.7644716961532305,0.047694566298229095,0.0,-0.7687612252779008,1.0,0.0,1.3635960099312818,1.0
ENSG00000160294,MCM3AP,0.1287842612930952,0.4721075132776056,0.5767845416099544,0.06261245052177042,-0.9008558990766096,0.6378627996713825,0.12588626826797858,0.25989177046145207,1.0,0.06813509544787077,-0.5954242489331527,1.0,0.1332720588235294,0.39693919030268576,1.0,0.11717171717171716,0.5808267261519506,1.0
ENSG00000239415,AP001469.3,0.011078216025212492,-0.3889943809007068,0.9668863678916909,0.02087081684059014,1.0211415889221174,0.7423457015572058,0.008392417884531907,-0.2348729212881251,1.0,0.017033773861967694,0.9164747895982801,1.0,0.013327205882352942,0.9375075716653889,1.0,0.0,1.9958642254307941,1.0
ENSG00000182362,YBEY,0.08724095119854837,-0.3833478177595646,0.6962961063729302,0.14957418735756267,0.7663276898932918,0.5049468889536608,0.08812038778758502,-0.1791634887018385,1.0,0.05110132158590309,-0.8409549071276419,1.0,0.17325367647058826,0.915974410115747,0.9002043863968799,0.05858585858585858,0.11811997548179276,1.0
ENSG00000160298,C21orf58,0.006923885015757807,-2.0894340990417986,0.034177496427404544,0.0,-2.9330547214647584,0.1988665185518209,0.09231659672985097,3.703726534047731,5.602732240343991e-05,0.017033773861967694,0.2284187959130204,1.0,0.013327205882352942,0.2785444895004554,1.0,0.0,1.3635960099312818,1.0
ENSG00000160299,PCNT,0.078932289179639,-0.11597588649429058,1.0,0.12522490104354084,0.8212040184133649,0.48938957411279055,0.05035450730719144,-0.7176550272028037,0.7856857036734372,0.09368575624082233,0.3050400775159332,1.0,0.03998161764705883,-0.697207964252867,1.0,0.05858585858585858,0.4109017247096385,1.0
ENSG00000286224,AP000471.1,0.0013847770031515615,1.026043118378137,0.7473883909242197,0.0,1.0211415889221165,1.0,0.0,1.35008957943303,1.0,0.0,2.501437290319437,1.0,0.0,3.185435085108974,1.0,0.0,5.317792320318158,1.0
ENSG00000160305,DIP2A,0.15509502435297487,-1.078590422812456,0.034667257348231055,0.6191675662708408,2.037351816103376,8.012604846068166e-05,0.18043698451743598,-0.47588102079192107,1.0,0.11923641703377387,-1.0053000430962176,1.0,0.03998161764705883,-2.273996533528323,0.9002043863968799,0.23434343434343433,0.18439319490095873,1.0
ENSG00000223692,DIP2A-IT1,0.0013847770031515615,-0.5589193823430199,1.0,0.00695693894686338,2.6061040896432726,0.5049468889536608,0.0,0.3500895794330301,1.0,0.0,1.501437290319437,1.0,0.0,2.185435085108974,1.0,0.0,4.317792320318158,1.0
ENSG00000160307,S100B,0.011078216025212492,-5.12144449394442,1.2036692774995953e-12,0.841789612570469,3.536563156390196,4.000751227563706e-09,0.24338011865142528,0.16127026623824747,1.0,0.15330396475770927,-0.5220982241413528,1.0,0.0,-4.167711740389109,0.9002043863968799,0.0,-2.0353545051799258,1.0
ENSG00000160310,PRMT2,0.3655811288320122,-1.6106088593545196,0.00023662457339274033,1.3774739114789494,1.2195085584283503,0.03532770817908151,1.2462740558529881,0.9417242154223999,0.15917281650214113,0.6898678414096917,-0.11685867306926428,1.0,0.45312500000000006,-0.7269410495832742,1.0,0.8787878787878787,0.25035795956163504,1.0
ENSG00000198918,RPL39,0.0,-0.9739568816218629,1.0,0.0,1.0211415889221165,1.0,0.0,1.35008957943303,1.0,0.008516886930983847,4.501437290319437,0.5572150191643606,0.0,3.185435085108974,1.0,0.0,5.317792320318158,1.0
