Barcode,TSNE-1,TSNE-2
AAACCCAAGGAGAGTA-1,4.529892343162447,-25.3196705704129
AAACGCTTCAGCCCAG-1,-20.53340061869582,8.844798469505086
AAAGAACAGACGACTG-1,1.3440375627009626,0.14373560530612012
AAAGAACCAATGGCAG-1,1.3145645357103684,18.01997517144873
AAAGAACGTCTGCAAT-1,0.7269295624157441,12.757431613975973
AAAGGATAGTAGACAT-1,-21.38984520089623,8.496661202900636
AAAGGATCACCGGCTA-1,-16.941758956642065,10.908342677938164
AAAGGATTCAGCTTGA-1,5.054286033124479,-18.93121472194666
AAAGGATTCCGTTTCG-1,3.4717123231644624,-21.820189495196676
AAAGGGCTCATGCCCT-1,-1.4112811274613235,13.444282578053187
AAAGGGCTCCGTAGGC-1,4.221618540666806,15.111648416142987
AAAGGTACAACTGCTA-1,3.4572199280987967,-12.254707078411696
AAAGTCCAGCGGGTTA-1,-10.045827491136052,6.956888709391503
AAAGTCCCACCAGCCA-1,-6.97125126607097,-4.385352889866888
AAAGTGATCGTACACA-1,-1.6266493915537998,-2.630190290660065
AAATGGAAGCCGCTTG-1,5.563150074251524,-13.707988981177294
AAATGGACAATGCTCA-1,8.613353835778323,-6.969512225545246
AAATGGAGTACCGCGT-1,3.5443217084990075,7.32846372765601
AAATGGATCCTATTTG-1,-1.033285462898065,23.079553418829608
AACAAAGGTGATGAAT-1,-12.623984414837993,-1.6145058232221734
AACAACCAGTAGTCCT-1,-1.184777988312632,-13.496590569500569
AACAACCCACGCTATA-1,6.740258240151304,11.697297617419961
AACAAGAGTTATAGAG-1,5.397761804266012,-11.09771716136356
AACAGGGGTGGGAGAG-1,-16.397766728360885,5.476865251007509
AACCCAACAACTGATC-1,0.27618177374574715,5.603639052014485
AACCCAAGTGGGCTTC-1,2.5321718334403474,-2.7596464010899746
AACCCAATCTTACCGC-1,0.3820770047071787,6.32524657597451
AACCTGACATCCTATT-1,8.872658697470108,-13.854332250861264
AACCTTTGTTTCGGCG-1,-2.068550264168983,6.592386532122604
AACGAAAAGGTTGGTG-1,-11.3610261562206,-4.883060694616506
AACGAAACAGCGTTTA-1,-1.5347570169335367,-20.573910302283302
AACGAAATCCATTTAC-1,-10.703457772180244,-7.081319840869124
AACGGGAGTCGCTCGA-1,9.72207602835147,-22.03375136079529
AACGTCAAGACGCCCT-1,8.005823292121756,-11.124971930964964
AAGAACAAGACCATTC-1,8.933733579557899,17.84948873098705
AAGAACAAGCCTCAGC-1,13.154510410507482,-13.781360849670813
AAGAACATCTTGCAAG-1,-6.1622745133791135,8.385778163010603
AAGACAACACTTCAGA-1,13.328824544973502,-8.64106718504591
AAGACAACAGATCACT-1,7.407925509051099,-13.537504361949924
AAGACAATCCGCGAGT-1,1.6371178625582683,10.972262302508048
AAGCATCAGGTCCGAA-1,-1.424761525305435,10.303038307905314
AAGCATCCAGTCTTCC-1,-1.0083740718893248,-10.626248081229718
AAGCGTTCACTGATTG-1,4.273246527822911,-12.066770442087394
AAGCGTTTCGCTATTT-1,-20.624054724825072,11.935762760141396
AAGGTAAAGGAAGTAG-1,-2.8183827923758358,3.553584405845116
AAGGTAAAGGCCACCT-1,-3.746341755578792,-2.487229576364871
AAGGTAAGTCCTTAAG-1,-0.6293874906671699,19.06209158861665
AAGTACCAGCGCCTTG-1,0.827355111912761,21.061870839269826
AAGTACCAGCTCCATA-1,5.250719874310802,14.656785853635375
AAGTACCCAAAGAACT-1,4.3081489192310745,18.811786304394904
AAGTGAACATCAGCAT-1,-2.6891639343135108,8.354179302894615
AAGTGAATCGGAAGGT-1,6.175175139095714,-24.563040214471886
AAGTTCGAGGATACAT-1,-2.0906084860667664,16.36236417114399
AAGTTCGGTCAACACT-1,10.550338611826515,-14.521034450104956
AATCGACGTGAGACGT-1,2.594430112299067,-20.56417358938872
AATGAAGCAGTATGAA-1,-5.303882592755244,0.7693197287335262
AATGACCGTGTCATCA-1,8.660902058276648,-11.871285366572966
AATGGAACACTCATAG-1,-0.9278089020112179,0.5085173101675662
AATGGAATCTGATGGT-1,5.86227839212298,-14.18829171437435
AATTCCTTCCATTGGA-1,1.3725776458172767,-14.24850500119789
ACAAAGAAGCCTCAAT-1,0.22016610723064983,-15.427900321251748
ACAAAGAGTTCCATTT-1,-2.6512802297306615,-1.5214559278276738
ACAACCATCTATCCAT-1,8.967102130641202,9.344876458709066
ACAACCATCTGCCCTA-1,-8.201868860870148,1.1119538965280265
ACAAGCTGTAGGTCAG-1,8.96015378527497,15.169011873405303
ACACCAAAGAGTCAGC-1,-0.44007473110146866,-4.775223972739639
ACACGCGGTGTTGCCG-1,-0.3948051138048975,-10.562619697173535
ACACGCGTCACCTCGT-1,-7.154525588988958,7.987442351019985
ACACGCGTCGCCGTGA-1,10.753277672105943,-15.584253830356117
ACACTGATCACTGATG-1,3.619145573154088,-14.03434772687269
ACACTGATCTTTCCGG-1,-1.3760609051106616,4.922553993841248
ACAGAAAAGTATTAGG-1,-1.430894985483449,-15.933299687012438
ACAGAAACACCAGCGT-1,7.461984172493032,-21.351879258691266
ACAGCCGTCGCTGTTC-1,1.7762134718715274,23.956034702493486
ACATCCCCACAAATGA-1,0.1742939852413552,13.560562401777405
ACATCCCGTAAGATTG-1,11.819129462120141,-20.56941145971168
ACATCGATCTAAGAAG-1,-2.4283625844700456,4.364379459243578
ACATCGATCTGAGAGG-1,-5.753581930884253,13.60720151432231
ACATCGATCTTGGGCG-1,3.8001402891634286,-21.689219907088557
ACATGCAGTTGCTTGA-1,8.102442979329568,-14.559045016670384
ACATTTCGTGCCGAAA-1,-7.036191229838367,-0.725091852513625
ACATTTCGTTTCTTAC-1,2.518309022677966,-4.159043344977055
ACCACAAAGGCCTTGC-1,3.869958124835387,-18.726934020187397
ACCACAAGTCTGTGGC-1,-17.965976254718996,11.343026595541652
ACCATTTCATTGGGAG-1,10.484105342214027,-10.440441400481141
ACCCAAAGTTGGGAAC-1,-2.800109895292022,3.2535923202609487
ACCCTTGGTATCGTAC-1,14.284093177589135,-0.9515193607807457
ACCCTTGTCATTTCGT-1,-4.4950479099938745,6.751124907601877
ACCTACCCAACGGTAG-1,-1.6458295713253905,8.136115732270117
ACCTGAACATGAGAAT-1,-1.0173987384014287,11.629069475670564
ACCTGTCTCAAGTCTG-1,2.6497551837282027,21.263965903012977
ACCTGTCTCTCAACGA-1,1.559314885422139,-11.539966046602293
ACGATCAGTCGTTCAA-1,-10.683888625456945,6.903642420735735
ACGATCATCCACGGAC-1,-5.632382611168468,19.739603187511523
ACGATCATCCGTTGGG-1,9.579504288538457,14.87273916711036
ACGCACGAGAGAGTGA-1,0.6796386197987342,23.132244557184414
ACGGTCGTCACTACGA-1,-6.499710408092775,4.6726268405632405
ACGGTTAAGTGCTCAT-1,-7.764816170581605,-13.31392357318299
ACGTAACTCATATGGC-1,-19.191035188707207,11.722062511127973
ACGTAACTCTTCGATT-1,4.893137704373311,-10.356565571536777
ACGTACAAGCTGTTCA-1,11.984195770481373,17.29383544932188
ACGTACACAAAGCTCT-1,7.032665459248135,-15.84743918746947
ACGTACACAGACGATG-1,-0.6206719678026672,6.284310063126803
ACGTAGTCACGCCACA-1,-11.80013855055042,-1.9419069308969574
ACGTAGTCATTAGGAA-1,-6.8119353388542265,11.170394356798663
ACGTTCCGTGGGTCAA-1,-0.8274732350615559,-16.98769972424297
ACTATCTGTGTGTACT-1,-4.097299157056794,6.335367036227318
ACTATGGAGAAATCCA-1,14.949880587090098,-1.2891622361820345
ACTCCCAAGGTTGGTG-1,-11.331153918933033,4.0182252617630905
ACTCCCATCGTCCTCA-1,7.254511781184406,4.315117492815649
ACTGATGAGCAGCGAT-1,-16.308485260978255,6.03826581059552
ACTGATGCACCAGCCA-1,-21.997031342778943,8.73768536219601
ACTGTGACAACTCGAT-1,-2.4460695221993496,11.388524348979812
ACTTATCTCTAAGGAA-1,13.826513467200124,-4.367378339467076
ACTTCGCAGAACCGCA-1,0.24500261565122677,3.0710005539683136
ACTTCGCGTACTCCGG-1,-15.856003922967483,6.367535661874958
ACTTTCAAGTATGACA-1,-0.1772105982644994,11.678743622077887
ACTTTCAGTACGCGTC-1,4.0852484610345705,13.426239449275538
AGAAATGTCATTCGTT-1,-4.734064036242498,-5.098131398296401
AGAAGCGGTCTAGATC-1,-1.3173008628189788,1.9022055003858027
AGAAGCGTCTGCGTCT-1,1.3600993987837713,11.629523546404348
AGACAAAGTAGCTTGT-1,5.494782338308037,-12.278187670958587
AGACCATCATTACTCT-1,-1.2998086773805695,16.42836825007874
AGACTCATCAACGCTA-1,-12.719038858117587,2.9274944998880272
AGACTCATCAGAGCGA-1,8.009552284505597,-19.94475053625168
AGAGAATAGAGGGTCT-1,-1.6101018055286072,-8.181332615461477
AGAGAATCACCCAACG-1,5.5438180826538295,21.60747070361393
AGAGAGCAGTTGTCGT-1,-11.268264471997234,-3.50015363223257
AGAGCAGGTCATAAAG-1,12.46228741507403,-24.769316897484362
AGAGCAGGTTGAGTCT-1,-0.5932683415332658,14.588130259190068
AGAGCAGTCGCGCTGA-1,6.510204335975081,11.883499330266222
AGAGCCCGTCACTCGG-1,-1.6311116732092121,3.447476272553387
AGATAGAGTGACACGA-1,2.6475038747758277,-7.281290545090507
AGATCGTCAGGACTTT-1,-1.807198917352303,2.3660183027575443
AGATGAACAGGCACAA-1,8.550603326442953,15.43234793249593
AGATGCTGTACGGTTT-1,4.142621487176373,4.7552505272736765
AGATGCTGTGTGGTCC-1,1.804824109891798,7.266821939210866
AGCATCAGTCGGTGTC-1,8.107172643719142,-14.98780955500173
AGCATCAGTGGTCCGT-1,4.595464376722912,7.624911029363154
AGCCAATAGTCCCTAA-1,10.724335158354345,12.37963554446346
AGCCACGCAGGTTCGC-1,-6.45030203962827,18.57061790832056
AGCCACGGTTCCGCGA-1,4.6561260706640075,-15.497030996492882
AGCCACGTCCGAGAAG-1,0.8590527719290472,2.968815697792213
AGCCAGCGTAATGCGG-1,-6.559785343176422,11.271265830592174
AGCCAGCGTAGTTAGA-1,-12.001986841622445,-12.383682432870074
AGCGTATTCAGTGGGA-1,4.96605614216305,11.090298449822285
AGCGTCGCATTGACCA-1,2.2155199633720555,18.728443473620796
AGCTACACAGTCGGAA-1,-3.070455841817516,7.55700141538089
AGCTACAGTCGTTTCC-1,-15.217215435114172,2.038334748781381
AGGAAATTCACCATGA-1,4.958144647454288,-12.284702505792362
AGGAATACAAACTCGT-1,0.9741631387407298,9.164803470089915
AGGAATATCATTACGG-1,-2.9415921890766263,6.00833772644671
AGGACGAAGACCTTTG-1,-8.033354375390845,6.424475909527824
AGGACGAAGATTAGTG-1,10.480408670822365,9.794347654824689
AGGACGATCACTGATG-1,-2.931110786270896,16.724905277100753
AGGACGATCCAGTACA-1,-13.2088107655155,-3.374949093614019
AGGACTTTCCTACCAC-1,-3.563709540958146,-4.821792491738645
AGGATAAAGAACAAGG-1,4.836510069059269,15.573318758249918
AGGCCACAGGGCCAAT-1,3.5559158350793445,13.476560210346111
AGGCTGCAGGGCTTCC-1,-19.483260267377183,6.2510283430115265
AGGCTGCGTGTGTGTT-1,2.073095276948119,24.817357265545606
AGGGAGTGTGTCGCTG-1,1.5510140886333916,19.536964789552272
AGGGCTCCAATACGCT-1,5.937225846999468,-22.42435247555394
AGGGTCCCAGGACATG-1,2.6033129017299728,-17.19033343512991
AGGGTCCCAGTAGTTC-1,4.808825051711533,4.466040579344524
AGGGTTTCAGCGTGCT-1,13.488161415719327,-17.673160132629828
AGGTAGGAGGAAGTAG-1,-11.741597178700493,7.543770599249363
AGGTAGGCAAAGCGTG-1,5.977447828642576,-23.721088545268177
AGGTCATTCAAGTCGT-1,13.04184776170416,-16.566840376398723
AGGTGTTCATTAAGCC-1,1.037787042043701,-16.669966064878555
AGGTGTTGTCGATTAC-1,-8.518418027232022,-6.952444129166537
AGGTGTTTCAATGCAC-1,9.994149886170238,14.673685393994425
AGGTGTTTCGTTACCC-1,-3.6887496577653596,-11.873641437880561
AGGTTACAGGTGCGAT-1,7.0071514879567625,5.420812505351357
AGGTTACGTCTGATAC-1,-0.29426545035668167,-8.987900667907976
AGTAACCCAAGCTCTA-1,10.95765077582615,-17.827592791333593
AGTAACCTCGTTGTAG-1,-0.3342532741037411,14.646813699360495
AGTACCAGTGGGTCAA-1,1.5490935240022743,-22.734763340022145
AGTACCATCAGCTTGA-1,-8.033089780125433,5.5330108485128235
AGTAGCTAGGAGTACC-1,-19.496689112390953,10.438649238641437
AGTAGCTCACTGCTTC-1,-16.929433582980966,2.4242204417446844
AGTAGCTCAGGCACTC-1,-5.241635804419295,-15.172242251094294
AGTAGCTGTTAGAAAC-1,13.08660817850084,-15.221692750492268
AGTAGTCGTATGACAA-1,2.545888884807059,21.630931402829482
AGTCAACAGTCATGCT-1,8.410402312583145,-24.47318809560698
AGTCAACGTACACGCC-1,7.051022374063549,-2.813771415756246
AGTCTCCCAACCGTGC-1,5.0947021293328225,11.231755171224787
AGTCTCCGTGAGTCAG-1,-5.408665205476054,7.933431582324534
AGTGCCGCATCTGGGC-1,-2.0287554739662625,9.878349289201694
AGTTAGCAGTCAGGGT-1,-0.678335265644907,20.58971745127368
AGTTAGCGTACCATAC-1,-21.867909534788925,8.225350955166306
AGTTAGCGTTCATCGA-1,0.2285113363822587,2.9281322932892255
AGTTCCCCAAACAGGC-1,-2.40394754734351,6.389636462735387
AGTTCCCGTTACACTG-1,1.266657453860214,15.272916005759914
AGTTCGAGTATGCGTT-1,-15.044002060901049,10.34615271608612
ATACCGACACACGGTC-1,4.854293399788183,15.706727429771744
ATACTTCGTACGACTT-1,5.212398300641377,-13.96694908472128
ATACTTCGTTCGGTAT-1,3.025912407238963,20.680110566842586
ATACTTCTCAGCTGAT-1,12.304983282109712,9.77082208987272
ATACTTCTCGCCGTGA-1,-6.525529440742474,-5.807477085471473
ATAGACCTCCGCTTAC-1,-4.922046567343499,6.480850690220789
ATAGGCTGTGTTACAC-1,8.439398846861078,-10.893617917285432
ATATCCTGTATGAGCG-1,-8.836176800590978,-5.475050591944125
ATCACAGAGACGTCCC-1,8.512889691939291,-10.666135509446065
ATCACAGCATGACGTT-1,6.294939596438252,-10.902376960292484
ATCACGATCCGCAACG-1,-10.9497050999397,-7.0795277568944845
ATCACTTGTGGCTGCT-1,1.6226159553099846,-12.44509562664285
ATCCACCCAGCAGTGA-1,1.7462017923795081,3.51118309161866
ATCCACCCATGTCTAG-1,-8.060547852764156,5.121194272048846
ATCCACCGTTTGTTGG-1,6.65884822377661,-17.333809307941834
ATCCATTAGACGCAGT-1,-20.87308361533157,12.302841828596508
ATCCCTGCAATTTCTC-1,13.819590893219814,1.3596680798724354
ATCCGTCCAACTCCCT-1,5.245427816994958,0.0597486588267286
ATCCTATGTCTGTGCG-1,3.3857772385394616,11.958758531557004
ATCGATGCAACGGCTC-1,-20.022622531328217,13.428483237080595
ATCGATGGTCAATCTG-1,0.9000829759799894,5.317042176923303
ATCGGATAGGAAAGGT-1,0.9389809189769566,8.976087294756917
ATCGGCGAGTCCTACA-1,-7.543664721258017,11.140615756568636
ATCGTAGCATCGGAGA-1,-5.392374349446262,-15.139684424692758
ATCGTCCAGCCTGAAG-1,3.8060299666265345,-11.749287920222507
ATCGTCCGTATGAGGC-1,8.240609851803,-23.86223482543613
ATCGTCCTCGGAGCAA-1,13.189755450738904,-12.542214947999733
ATCGTGAAGCAGATAT-1,-9.572281126415342,-5.4903785260568005
ATCTCTACAAGAAACT-1,9.800976638896504,-12.803126443253618
ATCTCTAGTCGTGGTC-1,-8.997670098414806,-0.35131852891089155
ATCTTCAAGAAGAGCA-1,-3.3111752021793563,-13.958976944184677
ATCTTCACATACTGAC-1,8.88786931544275,-22.000785233688752
ATCTTCAGTCTCTCCA-1,2.274983732366405,-11.91761387059329
ATCTTCATCTCATAGG-1,-13.023515215800868,-0.24003177072208914
ATGAAAGTCCTTATGT-1,5.294260368287239,6.76987443128071
ATGACCAAGGCTAACG-1,0.6934961389010436,-14.892608756946013
ATGACCACAATATCCG-1,3.106287345973242,9.798289932588084
ATGAGTCTCCAGTTCC-1,-20.853198817449368,9.510275540308031
ATGATCGGTCGAACAG-1,-19.397982852851808,6.117223886095799
ATGCGATGTGCTCTTC-1,9.20500070654094,10.440246206841666
ATGCGATGTTGTAGCT-1,1.7141953470064262,5.872843993006665
ATGGATCGTAGATTGA-1,3.763491713898643,10.859970513655433
ATGGATCTCGACCTAA-1,3.712660261894474,9.572105634461456
ATGGGAGAGACGTCCC-1,2.784070208383901,9.393210828285223
ATGGGAGCACTCCGGA-1,1.6763117108566445,-16.786622229073163
ATGGGAGTCCACTGAA-1,9.808774509659036,-19.882131479743354
ATGGTTGTCACGGAGA-1,8.48337945362748,-22.458316848199456
ATGTCCCCAGGAATCG-1,-0.9023155325441649,5.477401643242286
ATGTCCCCATAGGTTC-1,-10.672000206968196,-0.4529848350017143
ATGTCCCGTCCTACGG-1,-0.7131698848380496,-18.98355217472966
ATTACTCCAGCTTTGA-1,0.07554096833078074,12.405494274037109
ATTACTCGTTGCAACT-1,-0.8879364909818007,10.969420719850865
ATTCACTAGAAGGCTC-1,1.9551736863439517,-1.8178268339756272
ATTCACTTCTCCGCAT-1,11.611006331661436,14.877871498073363
ATTCAGGCAAGTATCC-1,4.511378393524812,-25.0003096243351
ATTCAGGCATAGCTGT-1,2.433922811918359,-19.60037693897581
ATTCAGGTCTTCGTGC-1,11.133306466577492,13.830447824855884
ATTCCATCACGACTAT-1,-6.419352410539673,3.0024336877442286
ATTCCCGAGTCACTCA-1,3.9644616973971747,14.05939954340043
ATTCCTACATGAGATA-1,9.469785394163372,-16.680252015894496
ATTCGTTCAGTCTTCC-1,-1.888207875732907,1.738428509564391
ATTCGTTGTAACACCT-1,0.9728838935827445,-1.137703774648745
ATTCGTTGTGTAGCAG-1,3.4062793361153005,11.162655981570946
ATTCGTTGTGTTCAGT-1,-5.3052179797836745,12.559505579641327
ATTCGTTGTTCTTGTT-1,6.532098468534946,-20.445663538242137
ATTCTACTCTCGTGAA-1,-5.276684693939406,16.89657419650892
ATTCTTGAGTTCCAGT-1,-4.995146629952401,1.0484002698679393
ATTCTTGGTACAATAG-1,-6.549179771272893,4.984271993217974
ATTTCACAGTGCAAAT-1,-9.639926757005776,-5.82304023041714
ATTTCACGTGGATACG-1,12.005410150605265,-15.750822883750935
ATTTCTGCAAGGTCTT-1,9.92755222133769,-22.86806198035639
ATTTCTGGTATCCTCC-1,4.428791654492658,9.208209203166406
ATTTCTGTCGATGCAT-1,-3.251139519762019,-15.578657551448185
ATTTCTGTCGGCCAAC-1,13.683340385422024,7.085220833850666
CAAAGAACACATATCG-1,0.2818379341242863,6.681691985887554
CAAAGAACAGCTGTTA-1,-6.640652311823054,18.032804797694055
CAAAGAAGTTCTCCCA-1,2.2172429386920984,-20.9708189050306
CAACAACTCGATACTG-1,-2.2735047410498765,4.67026313445357
CAACAGTCATCCGTTC-1,-8.653970955957275,17.350841721267
CAACAGTTCGAGCACC-1,2.6015321610151,22.55519729989134
CAACCAAGTTAGAAAC-1,-1.9575393582940153,-15.58919386253508
CAACCTCGTATCGGTT-1,-1.9726271911636817,8.25593738929474
CAACGATAGACGGAAA-1,6.099308290610328,-8.079968715560721
CAACGATAGCCTAGGA-1,10.132125895965748,-13.017222846429522
CAACGATCAAAGCACG-1,-4.42509384391822,-1.2575888850989991
CAACGATTCAAGCCCG-1,8.888560182404353,-17.65138770351554
CAAGACTAGTGGAAAG-1,-4.63476708487997,3.1207751039867895
CAAGACTTCAATCGGT-1,10.120023652813208,-14.143570049265954
CAAGAGGTCTTCACGC-1,5.751650961839341,-15.692204130744024
CAAGCTAGTGGCTGCT-1,14.221397042849128,-3.1465490901330213
CAAGGGAAGAGTCGAC-1,8.098485248971686,8.634329942440603
CAATCGAAGAGGATCC-1,-14.002327163637853,-6.746258310376941
CAATCGATCCGTACGG-1,4.589723156118796,14.36225921641188
CAATGACTCAAGCCCG-1,13.102822461702768,0.18469846341200452
CAATTTCAGATTGCGG-1,14.668528598217664,0.9648743755822705
CACACAACAAGAAACT-1,10.673796415079,14.172489240734707
CACACAACACGAGGAT-1,6.70990647469677,-19.90669047541328
CACAGATCACTCCGAG-1,-3.0843691686338897,-13.949869213512855
CACAGATCATCATGAC-1,12.15700023687891,-21.193623977940284
CACAGATGTTCCGTTC-1,14.131165607045588,-9.12095299326079
CACAGGCCAACGATCT-1,13.813032216152827,1.5934282418562558
CACATGAGTTTCGACA-1,10.441459137743081,2.8506378232738623
CACCAAAAGGACATCG-1,3.6186673749245015,-23.364478694847428
CACCGTTCACCCTAGG-1,2.145302724581337,18.71974109672718
CACGAATCACATAGCT-1,-2.8736193449324716,-4.4984041214922215
CACGAATTCAAGTCGT-1,-2.0867980711204197,9.772696374554995
CACGGGTAGCATTTGC-1,14.284429612735934,-3.3219848775459218
CACGGGTTCCCGATCT-1,-3.5342567248857453,-3.624691443192994
CACGTTCCAGCTTCCT-1,8.349836401026275,-19.036972878639165
CACGTTCTCTATCACT-1,-4.387476311889562,-1.3746829865862353
CACTAAGGTGATAGTA-1,-8.503792905491547,-2.29885547023221
CACTGAAGTCTTTCTA-1,5.277187109556605,-2.0628291462199826
CACTGAATCCTGATAG-1,7.41192894657005,-14.131919491273205
CACTGGGAGGCGACAT-1,12.148070031413296,-8.37641906980924
CACTGGGAGTTACTCG-1,-1.4890749436733628,-22.839527055204073
CACTGGGGTCGCACAC-1,3.1568184574670766,-10.0024542505377
CACTGTCCACATATGC-1,-21.135040318643323,8.128418540664669
CACTTCGTCACCTACC-1,14.251282822586907,-3.319781098574206
CAGAGCCGTGCCCGTA-1,13.545051758159902,1.931088183399909
CAGATACTCGTTCCCA-1,-2.708479223238246,-2.170697258732936
CAGATTGAGAACGTGC-1,0.6454874065876186,5.918759001088891
CAGATTGAGCTGAGCA-1,13.124722092134435,0.18750086516632536
CAGATTGGTGACTAAA-1,-18.140695929922007,13.697567784227493
CAGCAATGTATCGTTG-1,13.765768993159963,-16.080460348642216
CAGCAGCTCAGAGTTC-1,-15.078859346641343,2.528501232192993
CAGCCAGGTGGGTTGA-1,13.003339362927132,-15.051884326117102
CAGCGTGTCCATCACC-1,4.202473868532926,-0.030382955252504548
CAGGCCAGTTCAATCG-1,1.2865923111146937,0.002818160557874919
CAGGCCATCACTCACC-1,-8.530318519062668,12.333421968255495
CAGGCCATCCACTAGA-1,6.266989092450452,-22.528278603509744
CAGGGCTAGATTGGGC-1,9.048206333512953,16.714350396593257
CAGGGCTTCGACGAGA-1,13.86338746463568,10.077216253562186
CAGGTATGTCAGTCTA-1,7.887843397882293,-2.0932583641049125
CAGGTATGTGTAAATG-1,-20.767500611695134,11.173079561075983
CAGTTAGTCGGCCCAA-1,-4.735043818868311,-0.5600099913264341
CAGTTCCCAATCGTCA-1,-2.4426680231562847,2.3387696156003575
CATAAGCGTAGCGCTC-1,-16.500674348254275,-3.960731012430181
CATAAGCTCCGTGTGG-1,4.84230070954601,-19.509938911437303
CATACTTTCAACGAGG-1,-2.336094063361086,-4.0401521300006875
CATCAAGAGCGCCGTT-1,0.48928090185741985,4.202205654680612
CATCAAGGTATGGTTC-1,-17.824701912215524,10.699053863506792
CATCAAGGTTGTCCCT-1,-13.507743149909386,4.26212781963316
CATCCGTGTATCGCTA-1,-5.2668310362420545,16.775075210190415
CATCGGGTCGCTACAA-1,2.0386863820419014,24.78077130035003
CATCGTCTCCGTTGAA-1,1.5065250833274486,6.465079075249994
CATGAGTCACCATTCC-1,2.9255436159142922,2.899850395671603
CATGCCTCAATTGCTG-1,4.089584177798329,9.94716803766642
CATGCCTCAGGCTATT-1,-12.86161442699574,-0.3683083558448341
CATGCCTGTTCCGCAG-1,6.221322694393825,-12.62314505254562
CATGCGGTCGGTCGAC-1,-3.0286924020498582,16.94219362932508
CATGCTCGTCTCTCAC-1,-4.716338382961259,-4.60476167666318
CATTCTAGTAGCTTGT-1,-7.034221615847287,0.582619289858466
CATTCTATCAGTAGGG-1,4.130640541868693,-25.03984016972094
CATTGAGAGGGACCAT-1,1.3663179309748246,-17.341027272131736
CATTTCATCTCTCTTC-1,2.0557534688903822,-18.378391832210873
CCAAGCGAGCTAATCC-1,-4.416076899042551,13.768992952281751
CCAAGCGAGGTTCATC-1,3.0555714785504855,-25.44475331607518
CCAATGAAGGTCACTT-1,-13.536430765940123,4.822306197240049
CCAATTTCAAAGGCTG-1,-14.134632114699725,-4.586360166649249
CCAATTTCATTCGATG-1,-6.009593860506484,4.4273875619418455
CCACACTCAGGACTTT-1,12.939074597001268,-12.715000459227403
CCACCATAGGTCATCT-1,4.7772413735240296,13.220560308411166
CCACGAGTCTTCCTAA-1,8.227336696877838,-18.6266970780406
CCACGTTTCATCAGTG-1,-13.924495926347142,5.871412869151185
CCACGTTTCGTGAGAG-1,3.041450543288233,9.513493725777849
CCACGTTTCTGCTGAA-1,6.220619947045043,1.8905356321042173
CCACTTGCAGCTATTG-1,-6.257742174587617,15.582776059147921
CCACTTGTCGCAGAGA-1,11.280979053296807,-24.115499283366688
CCATAAGGTGAGGAAA-1,7.031572004822176,-12.115928628661047
CCATCACCATTAAAGG-1,-18.201041236872236,6.6777642245871505
CCATCACTCTAACACG-1,10.609654327322936,-18.015280838894306
CCCGGAATCAAACCCA-1,8.505946379912501,13.04489704240736
CCCTAACCAGGTTCGC-1,2.7070787815707407,7.539115811897017
CCCTAACGTAACTGCT-1,9.574953323269845,-21.88685555135563
CCCTTAGGTTTCCAAG-1,11.547912539055053,14.926520317178847
CCGAACGAGCTAAGTA-1,-2.1598012393074386,4.750933708876179
CCGAACGAGGAACGCT-1,12.677594815620495,-6.981056723477088
CCGATCTGTGGAGGTT-1,1.6539411412163425,-15.080817044281318
CCGATGGGTTCTCGCT-1,5.629377493326506,-5.878362933508655
CCGATGGTCACCTCTG-1,-7.695468207546312,-4.303637177043144
CCGATGGTCTGTCGCT-1,3.2082222158060456,8.926316704561264
CCGCAAGCATTCAGGT-1,-5.317616943660856,13.277250965936108
CCGCAAGGTACCAGAG-1,6.825228212889748,15.174133901736287
CCGGACAGTGATACCT-1,3.5820013520796006,-13.179506507673175
CCGGGTACACTCCGAG-1,6.146237050083535,-9.164764757352275
CCGGTAGGTAGTACGG-1,11.97982223813364,13.468178986730605
CCGTAGGGTTCCCACT-1,9.0447061682394,12.508663162578276
CCGTAGGTCATACAGC-1,-18.06486383089805,3.3859992336913094
CCGTGAGAGAGGTCAC-1,-4.521317045847809,6.171248266898896
CCGTGAGTCGCCTTTG-1,-11.895846690707154,6.329353956411972
CCGTTCACAGAAGCTG-1,2.7642845600067965,15.698774066070957
CCTAAGAAGACTCTAC-1,-6.487649961239988,4.611723800477273
CCTATCGAGACAGCGT-1,2.043890671318353,-14.900071469959428
CCTCAACTCTTAGCCC-1,-7.550839144934707,0.7310135646529222
CCTCAGTAGCAAGGAA-1,-4.2248158967291545,-3.4663014451541088
CCTCAGTCATGATGCT-1,6.430925929085098,2.060016402578612
CCTCAGTTCCGAGCTG-1,-10.75999912659924,1.256609558391126
CCTCATGCACTATGTG-1,-8.05229171027755,5.321215796522456
CCTCATGGTTTCGCTC-1,-3.245168600283252,5.5399284424413375
CCTCATGTCTCTCAAT-1,9.623019402435935,-7.91690077604071
CCTCCAAAGGCCCGTT-1,9.429281925909535,-12.88773783968298
CCTCCAACAACCCTCT-1,-3.670815259725472,-2.5456454087821365
CCTCCAACACAATGAA-1,3.4566283628374683,10.950974424309496
CCTCCTCAGTCCCGAC-1,-23.39094381414545,8.799692123512257
CCTCCTCCATTCAGGT-1,2.2370145618936803,9.939055036371396
CCTCCTCTCAAGCGTT-1,-3.3343800217699733,2.1019696771641647
CCTCTAGCAGACCTAT-1,11.900467917196703,-20.670120023508904
CCTCTCCTCGTTCCTG-1,14.114511607506952,-9.14393587407251
CCTGCATAGTGGTGAC-1,2.992899205231191,-8.754891098790381
CCTGCATCAACGGGTA-1,-8.302532612063972,21.552282412168513
CCTGCATGTTCTTAGG-1,10.86884370035291,5.404585339700132
CCTGTTGGTGTGCCTG-1,9.711992362861334,-22.232758674651535
CCTGTTGTCAAGAGTA-1,-19.68436302719025,11.34732221318704
CCTTCAGAGGAACGTC-1,-11.231890179855327,-1.8180007257372095
CCTTCAGCACAGAGCA-1,-21.979757483850687,9.684693154023888
CGAAGGATCGACGCGT-1,9.250742506126679,10.029368765409508
CGAATTGGTCTGTTAG-1,5.080487016417538,14.453230237752116
CGAGAAGTCAAGTTGC-1,9.195414900634484,8.832959395298426
CGAGAAGTCCAATGCA-1,6.087985159717687,-7.8521261321102385
CGAGGAAAGTCGCGAA-1,4.260853997699413,-4.004049835635004
CGAGGAACACTGATTG-1,-19.955997518056492,6.974864762689829
CGAGGCTCAGATCACT-1,-17.58835164956869,2.857300579948482
CGAGGCTCAGCATGCC-1,9.05745276158825,-12.636458387504453
CGAGTGCGTTCCGCGA-1,-1.5825578153713782,-1.4757026101234192
CGAGTTAGTCGAGTTT-1,1.722721870375693,-21.51734245874947
CGATCGGCAATTGGTC-1,4.28569621386629,-19.470738802703654
CGATCGGCAGCGTGAA-1,9.767573347424738,12.8538783196257
CGATGCGAGCAGAAAG-1,4.840256392326847,5.281327730751707
CGATGCGTCGAACCAT-1,13.06723532620157,16.440090945349695
CGATGGCCACTCGATA-1,6.2400285470026065,20.91332615515746
CGATGGCGTAGCGTCC-1,-4.73952268387053,2.9679267480728524
CGCAGGTGTGCTTCAA-1,-7.248862539646296,-0.6988584948861464
CGCATAAAGTGATGGC-1,0.7849723959456927,-20.601546291801412
CGCGTGAGTACAATAG-1,-1.7793363448804684,19.05570547872017
CGGAACCGTATCACGT-1,0.5405193800386023,-12.355687616475683
CGGAACCGTTTGCAGT-1,3.5472595541755125,17.08919622320347
CGGACACAGGACAGCT-1,10.99051299273003,-22.838547715787204
CGGGACTGTTTCACTT-1,2.0990283193879393,1.808333247275259
CGGGTGTTCCGTGACG-1,7.0604961871185825,-17.017722355799197
CGTAAGTGTGATAGTA-1,-7.517228936694758,6.904907143104643
CGTAGTATCAGCCCAG-1,-7.277473170817828,14.277485141899835
CGTCAAACAGAATGTA-1,-6.535868911652729,18.56368784699147
CGTCCATGTTTGGAAA-1,4.5337658473792075,22.823986621827252
CGTGAATAGTCGGCCT-1,-6.493319284464692,-1.339818567295476
CGTGCTTAGCTTTGTG-1,8.233217096589515,-21.281089823108463
CGTGCTTCAAGCGCTC-1,3.3483159446227653,-16.37020376214754
CGTGCTTGTTTAGACC-1,1.8820322349764544,20.96573787299302
CGTGTCTCACAGTACT-1,9.812150340695064,7.6282795263287495
CGTGTCTCATGGGTTT-1,8.95586876531195,7.679066902291111
CGTGTCTGTCAGTTTG-1,4.861625872952687,-10.126475422162594
CGTTAGATCAGCCTCT-1,3.2273190580060387,-9.96823067672597
CGTTAGATCATTATCC-1,-3.3069671250779247,-13.569554912907835
CGTTAGATCCAAGAGG-1,0.5707752904852607,-12.314052506847677
CGTTCTGTCAGCGCAC-1,0.1502337314979643,9.058013666451446
CGTTCTGTCCCGAACG-1,9.05306277723799,12.675867606175883
CTAACCCAGCCGCTTG-1,-1.1973867917003698,13.314739581418904
CTAACCCCACTTCAAG-1,-5.7970123564018845,-6.336156657393379
CTAACTTAGCCTCACG-1,-15.963901529149378,-2.95223822369189
CTAAGTGCACAATGCT-1,-21.818580072361854,9.433218788852994
CTAAGTGGTCCACTCT-1,-13.51590944235079,-4.889471255850742
CTACAGACAACAAAGT-1,10.123732214724477,9.262401158706348
CTACCTGTCTCGAACA-1,5.445925078801178,-18.44358129442467
CTACGGGTCGTTCAGA-1,6.035766824712163,16.441090755768887
CTAGACAGTCGTGGTC-1,-0.853934138282929,-9.10926669570593
CTAGACAGTCTAACTG-1,8.344473682756199,-14.51789573185945
CTAGGTATCTAACGCA-1,-17.574748445914505,12.195582900783076
CTATCCGAGCTGTTAC-1,10.433915301930071,12.894579177204237
CTCAACCGTGGATGAC-1,3.092015478625233,8.559672165108879
CTCAACCGTGTGTCGC-1,3.6442372892639794,23.836715118035944
CTCAAGAAGATTACCC-1,-7.9034912325519,13.946867226101027
CTCAAGAGTCAAAGAT-1,-7.909253311817957,3.0384366264738687
CTCAATTTCGGAAGGT-1,10.01896540915063,-12.814005627010804
CTCACTGCACCTTCCA-1,-7.8716500334035375,15.020758451500365
CTCAGAACAATTGTGC-1,-11.682779266356178,8.285462633086823
CTCAGGGGTCATCGCG-1,6.58735685779287,-14.845142128956297
CTCAGGGTCTCACCCA-1,10.598195705828248,-12.124397198942104
CTCAGTCAGGGACAGG-1,-1.3725981728104903,2.4318168035537346
CTCATCGAGAGGCGTT-1,6.759522909562447,11.278465683336119
CTCATCGTCGTACCTC-1,4.43203961405394,12.033510621591924
CTCATTAAGGAAGTGA-1,3.2491736715968615,-17.239108359945295
CTCATTATCGTACACA-1,3.3705966525635755,-6.269141150909953
CTCCAACCAATCTCTT-1,-3.3398621300599993,9.372897510561204
CTCCAACGTAGTGTGG-1,-3.5766054300817185,15.24861198324251
CTCCATGAGACAGCTG-1,-20.82067365259576,8.509455610212788
CTCCATGGTGTTGACT-1,3.95650562968338,-16.533420620476797
CTCCATGTCATCGTAG-1,12.645592986726607,10.498523397553136
CTCCATGTCGTCGATA-1,9.187803727019617,-21.7545590422194
CTCCCAATCAATCAGC-1,4.749960939162954,4.680074743112317
CTCCCTCAGCGCGTTC-1,1.9838783711552295,-24.458397472194505
CTCCCTCCACCGGAAA-1,8.523915249366846,-9.036371711885513
CTCCCTCGTTTACGAC-1,-5.326724686588886,17.564458783125666
CTCCCTCTCATCGCTC-1,0.28243496457478,9.241039266927812
CTCCGATTCCTTTAGT-1,-2.1177322479691374,2.8913341592744395
CTCCGATTCTTTCTAG-1,-3.2019316813529697,10.686323094080743
CTCCTCCTCACCTCTG-1,-15.08174451942808,2.9326629632412966
CTCCTTTAGATGCTGG-1,5.533771876369012,-14.6456562497469
CTCCTTTTCTACACTT-1,-4.600210688032352,0.6365146730455091
CTCGAGGAGCCTATTG-1,6.187405526515029,1.9396680016802503
CTCGAGGAGGAAAGGT-1,-12.483025196112491,3.293404958153466
CTCTCAGGTTAAGCAA-1,11.102658775748749,10.318556526685624
CTCTCGATCCATAGGT-1,-16.40869626175224,9.031716028314897
CTCTGGTAGTAGGATT-1,7.322499829623635,-18.40624461785057
CTGAATGAGCTCTATG-1,12.819733852379654,-24.06544399565129
CTGAATGAGGCGAACT-1,1.247422956476216,21.237184646653617
CTGAGGCGTTCAGCGC-1,-17.906790068642792,9.821648713271689
CTGATCCGTCGCGTCA-1,-16.774889565017503,-4.093001499200966
CTGATCCTCCCTCTAG-1,8.242106619125108,0.46639299562003556
CTGATCCTCTCTCCGA-1,-11.39121741091559,-4.952124767022124
CTGCAGGAGCCATTGT-1,12.045407206848257,17.255884245823662
CTGCATCGTAAGCTCT-1,-4.0073737440284685,11.536933709839486
CTGCCATTCAGTGTTG-1,-1.1220735984745906,0.9322522500444121
CTGCCATTCGGAACTT-1,3.631070232070488,-18.13338488847563
CTGCCTACAAGACTGG-1,-2.373837959347589,-12.886185278510952
CTGCCTATCTTGATTC-1,-7.4310540820358835,-3.7301186209564148
CTGCGAGAGATTAGAC-1,-0.2832755127885814,-17.15060163411859
CTGCGAGAGTGCACTT-1,7.634913577502915,-18.03959734674152
CTGCGAGCAGATTCGT-1,-20.62481228082094,8.812990223882894
CTGCGAGGTAGGTTTC-1,-9.9032759201124,-3.2185263949969216
CTGCTCACAGCGTTTA-1,11.792901013501798,-13.06637212250671
CTGGACGCAACGATTC-1,-5.2892050941508195,17.903769101856955
CTGGACGCACACGGTC-1,11.247437424582149,-17.78800212045548
CTGGACGGTTCCCAAA-1,2.8271313264824016,15.24544397912653
CTGGACGTCTCATTTG-1,-3.0546453743307316,-16.700269442926956
CTGGCAGGTTGCAAGG-1,-1.8330056474929992,-22.30986850006582
CTGGCAGTCGTCTCAC-1,-4.2157333876230245,5.467388426626212
CTGTCGTAGCTGGCCT-1,1.6131937093249185,11.417416781007011
CTGTGAAAGGAACGCT-1,6.144901255209826,-23.782720821823656
CTGTGAATCATCGCTC-1,3.0655220070467233,-18.149180214058447
CTGTGGGGTCGTGATT-1,14.021202014698035,10.45078201351621
CTTCAATGTTGGACTT-1,-4.405582739367085,18.860873565043644
CTTCGGTCACGTTCGG-1,1.976894040374948,16.00752742938692
CTTCGGTTCCAAGAGG-1,-16.240536629692922,7.923653908511675
CTTCTCTTCCTACAAG-1,7.948526504009034,13.33312328008565
CTTGAGAAGAATTGCA-1,14.461815146620278,-1.1223795362552385
CTTGATTAGGTAGGCT-1,3.782499273737811,7.0505150833373404
GAACACTGTTGGACTT-1,4.551205985843778,9.870027931078198
GAACGTTGTCAGGAGT-1,0.20558991779256888,-14.280718935963591
GAACTGTCATCGAACT-1,8.395934916516362,15.19709259395627
GAACTGTTCTCAAAGC-1,11.36475243390481,8.434659249793869
GAAGAATAGGTACAAT-1,4.981503249963863,-21.825138050079456
GAAGCCCCAGGAACCA-1,13.226726917825388,-13.646250126382544
GAAGCGATCAGTAGGG-1,-13.081261027152285,-4.634539564770167
GAAGGACGTCTGCCTT-1,1.721475492777871,-18.680351460687607
GAAGGGTTCGCAGATT-1,-11.487468740258617,-3.8784385339013694
GAAGTAAGTCTAGATC-1,10.263536858620188,14.793773818053554
GAATCACCAGTGGTGA-1,-1.9379016091271308,9.49585214284523
GACACGCCAGTCCGTG-1,-19.326842663491945,5.778849548668116
GACACGCGTTCCAAAC-1,-17.425757121581267,8.31878982794841
GACAGCCGTATCGTGT-1,-1.075314094704444,7.062804682405806
GACCCTTCAGCGTATT-1,8.423725067423362,-9.635680148901848
GACCCTTCATCATCTT-1,4.0713101512976015,23.298205244410394
GACCTTCCACCTGCGA-1,1.8378887227188536,-14.12573625916318
GACCTTCGTCGAGCTC-1,-3.1494735194652588,13.509193793998946
GACTATGCATCATTGG-1,11.772971214590164,-20.592591708251057
GACTATGTCCAAGGGA-1,1.8709215509509587,7.809216690523256
GACTCAATCTCCCAAC-1,0.10551449023393401,-17.272344698868146
GACTGATTCATCCTAT-1,6.573178998105193,15.26232028846439
GACTTCCTCCTCTAGC-1,0.46810208133719344,10.075190393880138
GAGAAATCATTGGATC-1,-16.522522302919498,-3.9298498061953517
GAGACCCAGTAGGATT-1,0.741081275788047,-15.395342262328988
GAGACTTAGTCACTCA-1,-1.0482254142114504,6.722025257951388
GAGACTTCAGGCTATT-1,3.2462614009281947,-14.669901167993906
GAGAGGTTCATAGACC-1,3.513442033589743,19.364817416753347
GAGATGGCATGTAACC-1,-2.0868167605016477,14.481276604221977
GAGCCTGAGGCAGCTA-1,7.21231924052401,-5.1696386704905795
GAGCCTGCAGTCTCTC-1,-4.903409559824786,8.159183800590467
GAGCCTGGTCCACGCA-1,-3.99760564503672,10.030366750970146
GAGCTGCGTCGGATTT-1,7.020702999495933,-18.782128844399065
GAGGCAAAGTCACGAG-1,3.7269138438787754,7.120837888059198
GAGGGATCACTTGGCG-1,7.988552027773807,5.9000668631620234
GAGGGTACAGTTTCAG-1,-8.29337492962179,21.57357628171101
GAGGGTAGTCAACACT-1,3.835563229565203,15.816988038685547
GAGGGTATCTGTCCCA-1,1.4041278355538784,-5.076990522295371
GAGTCATAGGGTTGCA-1,-19.419645142033385,10.641137915117953
GAGTGAGGTCGGCTAC-1,-12.122451272419422,7.343859478235517
GAGTGTTCACAAGCTT-1,-14.958027330792365,11.624778322741278
GAGTGTTGTACGTAGG-1,0.15210451843004422,3.5759797100541437
GAGTTACAGACGACGT-1,-0.13809208248523303,7.604744474272819
GAGTTGTAGCGTTACT-1,5.30606037842853,-10.639804137013838
GAGTTGTAGTGCGTCC-1,9.198586399255005,-18.590496472415534
GAGTTGTCACGGTGCT-1,-14.069821362370694,-4.3769166320074495
GATAGCTGTCGGAAAC-1,9.317613411760007,-16.047903738696917
GATAGCTGTCTGTTAG-1,-9.5649553128392,9.789406141692007
GATAGCTTCGTGCAGC-1,7.993142553073714,15.385696216103112
GATCACACACCCTGTT-1,12.264463956565995,10.766840463591224
GATCAGTAGGAACATT-1,-20.195158576049717,12.897608881677767
GATCAGTAGTGCGCTC-1,1.868426115773842,2.120151508973481
GATCAGTGTTACAGCT-1,-10.209322438897836,-2.542952830146782
GATCATGAGGCCTAAG-1,-2.986812801668771,16.326919323220118
GATCCCTAGAGGATGA-1,3.8332963147616046,23.397495401231236
GATCCCTGTAATTAGG-1,-1.6002541964731962,0.4984335452152057
GATCGTACAGCGCGTT-1,-2.9321336106174423,-3.464966910118462
GATCGTATCTCTGGTC-1,-3.026233939066478,4.077677200171837
GATGACTTCGTGGCGT-1,-10.71180893311458,6.851760683629143
GATGACTTCTCTAGGA-1,-17.287556517050206,9.129750980188325
GATGAGGCAAATGCGG-1,-1.9198278640392112,18.952931911075193
GATGATCGTATGGAAT-1,-0.29095188086420887,18.652341284043047
GATGATCGTGTAACGG-1,-21.421348309814608,11.815646199615749
GATGCTAGTACAGGTG-1,7.3274806269613855,13.4153141853108
GATGCTATCCTACGAA-1,-1.723344678100534,14.736037865783958
GATGGAGAGCCAGACA-1,-16.7002930948215,13.199419618808474
GATGGAGCACTTGAAC-1,8.648564604788694,7.713582640471066
GATGGAGTCTGCGGCA-1,12.905304880338123,16.795964156021192
GATGGAGTCTTCCAGC-1,-1.6104314529974029,-17.133456682018316
GATTCTTGTACAGTCT-1,-6.307431194108957,18.328774398812385
GATTGGTGTTGAGAGC-1,-5.520666999746617,11.002425701459643
GATTTCTCAAGTGGGT-1,0.5238752638485916,5.4800316151285555
GATTTCTTCCTTCAGC-1,-19.558449591994325,9.337894389725072
GCAACCGTCATTTCCA-1,-6.184896092139608,4.443198820443458
GCAACCGTCGAACGGA-1,-19.608574937131937,9.314603026045392
GCACGGTAGTAGTCTC-1,-9.292134600970787,10.863654617818803
GCACGGTCACCCAACG-1,-17.261274704865773,9.022427994224172
GCACGTGTCAGACATC-1,-4.3021136788249,9.371044190498159
GCAGCCAAGAGGTCAC-1,-4.859433732156961,-4.930536672881879
GCAGCCACATACATCG-1,-17.88844483798018,3.0530704306753376
GCAGCCAGTTGCGTAT-1,1.0763866162011333,21.013728440226792
GCAGCCATCACCGGGT-1,13.330022205676075,10.927220710028712
GCAGCTGGTAAGTTAG-1,2.852451758318121,-22.79116806470742
GCAGCTGGTGGGTCAA-1,-13.453728814792473,3.5216956238083514
GCAGCTGTCAAAGCCT-1,5.525820948120246,-5.923833764112068
GCAGCTGTCCTTCTGG-1,-7.991121713808432,6.086204763334791
GCAGTTACACATTCTT-1,11.480875162712387,-24.652548665003298
GCAGTTATCTCTCTTC-1,2.342981756454486,-14.44656001067098
GCATCGGGTAACGATA-1,-2.0997920340453677,-21.905545174868184
GCCAACGTCTAACGCA-1,-6.186467170720737,8.225834656588333
GCCAACGTCTGCATAG-1,1.9697558626974672,-24.12104021878975
GCCAGGTGTTAGAAAC-1,-13.298220316497568,-3.3980825252559814
GCCAGTGAGTCCTACA-1,4.410149523674304,9.930302193465801
GCCGATGAGTAACCTC-1,0.7245820309501144,3.1352373446858803
GCCGATGCATCTTTCA-1,-20.307922594375423,12.155673919891216
GCCGTGACAACGACTT-1,-0.3015489357688148,-5.410398051733161
GCCGTGACATGCCGGT-1,-7.3727445277216,15.217066139526729
GCCGTGAGTCAGTCCG-1,-10.390774299518386,-5.264094122177109
GCCTGTTCACAGTCAT-1,5.725080152435988,-15.160698408874724
GCGAGAAAGTTGTAGA-1,7.956174667902778,-21.387428852666684
GCGAGAATCCTCAGAA-1,-9.039094676816337,-0.3359445679110425
GCGGAAAGTGTGTCCG-1,-6.253583698655843,8.409430578571113
GCGGATCAGCAACTTC-1,1.7469110213250507,-21.45123339737438
GCTACAAGTCAGCTTA-1,-16.072503474694265,-1.9627091443550495
GCTACCTCACGCACCA-1,3.5290988352889867,-23.389213646029337
GCTACCTGTCCTACAA-1,6.67459716036894,-14.288342097890448
GCTGAATAGCACTCTA-1,0.5472227440543223,11.144984079897773
GCTGAATCACACGGAA-1,1.9384074801915636,-8.865536726179144
GCTGAATTCGTTAGTG-1,-1.0852451675164667,-18.233670370893147
GCTGCAGAGGGCAGAG-1,9.045414270230086,21.044158475482785
GCTGCAGGTGCTGATT-1,3.112077670315613,7.920555252562662
GCTGCAGGTTGACGGA-1,-0.5077711385789662,-13.938426489509885
GCTGGGTAGTACAACA-1,-17.369924264403767,-4.449956704562561
GCTTCACCAACACGAG-1,4.411137660358314,-13.558975836099476
GCTTGGGAGAAGGTAG-1,11.994911391507936,-14.080081000575253
GCTTTCGAGTGCAAAT-1,8.067356208305002,-21.092007731877683
GCTTTCGGTTCGGGTC-1,2.07477170684691,13.507040244515945
GCTTTCGTCCGGTAGC-1,-2.1398060201096443,10.026568629015435
GCTTTCGTCTGGGTCG-1,8.322599810167851,-20.24803185205857
GGAACCCAGCCATTTG-1,4.829672499034152,-13.882795417530943
GGAACCCTCTAATTCC-1,-13.753645735579987,2.945980439575752
GGAAGTGCAACCCTCT-1,-9.62805141265111,-3.5983988386995067
GGAATCTCAAACTGCT-1,-7.2225447509258585,12.656782246996011
GGAATCTTCAATCTCT-1,2.9248873547649903,15.304917380918614
GGAATGGAGGACTAAT-1,6.279139151995141,-15.549766116452718
GGAATGGCACGACGCT-1,4.244214620486272,12.223950674211409
GGACGTCGTTCAACGT-1,0.3119375303512358,-13.163063221975563
GGAGAACGTGCCCACA-1,0.6138173333635786,-21.84807716676306
GGAGGATGTATGAAAC-1,-3.3150429504499326,-13.915237201840645
GGAGGTAAGGCGTTGA-1,-2.5845798815044025,-12.66183651739028
GGAGGTATCTGGTGCG-1,-1.5742413605981709,-23.22931759707348
GGATCTAGTGCCTGCA-1,-9.724525713284441,-5.324032190312834
GGATCTATCACCTACC-1,-9.4027520326612,15.48546425183176
GGATCTATCATAAGGA-1,7.167984331568771,17.379732964680866
GGATGTTAGCCGGATA-1,8.763845218998108,16.755944327999938
GGCTGTGCAAAGCTAA-1,-5.51653729600202,10.56391484772027
GGCTGTGCACGGTGAA-1,-20.081515911444804,6.821953122465798
GGCTGTGGTCCACATA-1,7.460751914065574,-6.319096412526309
GGCTTGGCACCGAATT-1,7.397244735336312,13.772668002615513
GGCTTGGGTAGATCGG-1,6.565203023072343,11.924782689759796
GGCTTGGTCTTCTTCC-1,0.8869409948127948,-9.488935368807144
GGGACAATCCGATCTC-1,10.018137323688482,-16.965350520961405
GGGACCTGTTCTTGTT-1,2.9199905007083,12.0250476213071
GGGACTCCACATATCG-1,11.255396451191226,5.276341024353938
GGGACTCCACGGGCTT-1,6.188062538405892,-17.623982306266623
GGGAGATCACGGGTAA-1,14.673531553835653,-1.4555430518086179
GGGAGATTCACGGACC-1,-17.75366318274501,12.220564976625369
GGGAGTAAGCAGGCAT-1,6.145435961970744,-13.375520839642897
GGGAGTATCACCTCGT-1,8.00775948501933,-15.938655360563436
GGGAGTATCTTAGCCC-1,0.7561287069021096,-21.260466696034662
GGGATCCAGGGCAATC-1,-3.1132572795326046,6.851950410952195
GGGATGAAGGGAGGGT-1,-2.773450609983012,19.158232431542405
GGGATGAAGTCCCGAC-1,4.886391401483907,16.333674483132466
GGGCCATTCAGACCGC-1,2.0521164139156336,-16.576192740408022
GGGCTACAGACCAAAT-1,-1.8145863804110636,12.097680996991436
GGGCTACAGGCAGTCA-1,-3.7091376350501566,12.808946341052588
GGGCTCATCGCAATTG-1,6.8017370293709405,13.678952735562453
GGGTAGAAGTAGGGTC-1,4.4973110559997425,21.952159335623225
GGGTCACCAGGAGGTT-1,11.753203874741967,8.369341786692209
GGGTCACGTCCTTAAG-1,9.252322323354935,-15.04661373285043
GGGTCACTCACAAGGG-1,2.3998546216635375,-21.343405713258715
GGGTCTGGTTTGAAAG-1,3.1181144152174873,16.241544955919174
GGGTCTGTCCCGTTCA-1,2.360414032219969,-9.810730777915479
GGGTGAACATAAGCAA-1,0.5990398817362297,15.224439568476782
GGGTTATCAGCCATTA-1,-1.8567907415582643,4.814660420268959
GGGTTTACACAGAGCA-1,6.017977285283678,-7.894362043654894
GGGTTTACACTAAACC-1,12.783227026092742,16.783352729703914
GGTAATCCAAAGGAGA-1,-7.090987275584445,12.826962587093119
GGTAATCCACAGCATT-1,-1.483855383801649,-6.346021446416204
GGTAATCCATACCACA-1,6.30965311293393,-10.239041891402195
GGTAATCTCAAGTTGC-1,4.975162380302954,-10.126890607402759
GGTAGAGAGACCAGCA-1,-2.841956440927649,-18.307403872611392
GGTCACGCAATGGCCC-1,1.333823516508813,0.11291523435502988
GGTCACGGTCGTGATT-1,-13.517670712118512,12.69706032223692
GGTCTGGTCAGACATC-1,5.413569093581356,7.125330044244298
GGTCTGGTCTCCCAAC-1,1.3688898901227056,9.130947546312566
GGTGATTAGCTGTACT-1,-13.96713470809847,12.40399645243739
GGTGATTCAGCTCGGT-1,7.128414235899272,-16.273893866243167
GGTGGCTGTGCGCTCA-1,14.113807950745187,1.2570680312950895
GGTGTCGCAACGATCT-1,6.274340950595852,-19.46868697003744
GGTGTCGGTGTTATCG-1,-15.88936277647475,8.810730998634723
GGTGTTAGTGGATTTC-1,5.081380909827531,0.3748274999096802
GGTTCTCCAGGTTCCG-1,2.805148570381517,-13.32167164829015
GGTTGTATCGAAGGAC-1,13.818494747315425,-0.9134764760395073
GTAACACAGAAAGCGA-1,-2.401854872320477,0.4934013737657399
GTAACACAGCTCCGAC-1,10.557041317598523,-14.64362920787008
GTAACACGTAGATGTA-1,-2.485443979566917,6.937559468273902
GTAACACGTGGCGTAA-1,-3.1773648843097133,-14.784883179715383
GTAAGTCTCGATTGGT-1,-0.005605796287803095,18.600930620309036
GTAATCGCAGTTTCGA-1,-3.7398357164037366,16.124360047626542
GTAATCGGTTGCGAAG-1,4.634368267284328,3.136081742719204
GTAATGCCACCAGTAT-1,4.26367639884055,-15.733802860749382
GTACAACAGATAGCTA-1,-8.102093216300403,3.317202422125122
GTAGAAACATGGACAG-1,-1.2391339061046445,-14.312006483705202
GTAGAAATCTGAGATC-1,7.717867922231171,-22.851801882221736
GTAGAGGCAACTTCTT-1,-14.951172698476869,2.4935316360329334
GTAGATCCATCCCGTT-1,-0.06110632646721618,20.6046473554403
GTAGCTATCTCATGGA-1,5.432716361985409,-16.708172281710578
GTAGGAGTCCGTCACT-1,-9.571474826074164,9.82476179270926
GTAGGTTCAGAAGCGT-1,8.924677450981207,17.661627842821932
GTAGGTTGTGTTCGTA-1,-3.5957002792629376,1.8509412999774892
GTAGTACCACCCTATC-1,0.38813685017911226,-12.058155769678445
GTAGTACTCTGTGTGA-1,7.863246102738051,6.201165278266269
GTATTTCAGAAGAGCA-1,-2.250665992205828,1.9121796467677565
GTCAAACCAAGCACCC-1,-5.404601906607334,14.458988082791207
GTCACGGAGCGGGTTA-1,4.755035530474888,5.3105562476426975
GTCACGGCACCGTACG-1,4.056304740439304,5.864129173747693
GTCACTCTCTTGAACG-1,2.108106583715811,4.262705714552418
GTCATGAAGTTTGGCT-1,12.063673660308472,-17.24154357311561
GTCATGACATTGGATC-1,-14.133329324199151,1.998233452736203
GTCATTTCAAGAGAGA-1,1.7948942368227392,9.323814246829008
GTCATTTTCCTAGAGT-1,-5.07335488482774,5.411531118474375
GTCCCATCATGCCGAC-1,2.193761396876146,13.866420628359327
GTCCTCAAGTCACGAG-1,-1.1310958597160015,-3.001254867389845
GTCGAATAGGAGTATT-1,-20.604806479339086,10.7934550995577
GTCGAATCAGAACCGA-1,-0.18692756543028638,-19.11205408620426
GTCGAATGTCAAGCGA-1,3.608394402841029,-13.186730846813143
GTCGCGAAGCAGCGAT-1,-2.6680466480543172,7.974838352561369
GTCGCGAGTTTACCTT-1,1.7164361651620617,3.467042719668861
GTCTACCCAGGAAGTC-1,-2.1149681720696307,14.614274804937212
GTCTAGAGTATGTCAC-1,1.6048103469785515,-13.832408583791503
GTCTAGATCGAGAGAC-1,-8.306044879966468,21.573255885789372
GTCTGTCAGATACGAT-1,-13.61951222906546,-4.528960819845867
GTCTGTCTCGAGCCTG-1,10.898745163396148,12.13378098884008
GTGAGCCGTGATCGTT-1,0.7796197145530475,2.209315052764216
GTGAGCCTCTGGAAGG-1,3.199307768480588,-12.091693785169928
GTGAGGAAGCATTGAA-1,-8.62585204824476,1.7049049980850357
GTGAGGACACAACATC-1,-3.6531455169931837,12.98922310880499
GTGAGGACACTTTAGG-1,-2.6767221322377686,15.574120171148273
GTGAGTTTCCAATGCA-1,-1.7842523739854477,16.346283052446854
GTGATGTAGACATCAA-1,-9.307787597013842,-4.440116760907692
GTGCGTGAGCTTCTAG-1,3.2382429214698707,-15.941232117134021
GTGCTGGCAGGCTACC-1,9.415356646660626,-5.751955971264055
GTGCTGGTCAAACCTG-1,5.929345873583832,21.132909748933137
GTGCTTCAGACCATAA-1,5.526605515493008,-6.272118955440276
GTGCTTCCACTCATAG-1,-6.736667212489045,10.032604924200987
GTGCTTCGTCGCTTGG-1,8.708653930444195,-6.951553599238112
GTGGAAGAGCCAAGTG-1,3.225276472852928,-0.5428801970864342
GTGGCGTAGAATAACC-1,-7.103493403118943,9.250049046902781
GTGGCGTCAATCGAAA-1,-6.926350032706845,-0.6741338274236278
GTGGGAAAGGTCGTAG-1,-17.517390554477004,8.929745893619348
GTGGGAACATGAGTAA-1,12.304122880000264,11.61148099975456
GTGGTTAAGTAACCGG-1,-4.628370378353965,4.411656380838433
GTGTAACTCTTGGTGA-1,4.756124692940407,15.508842416529497
GTGTCCTAGTCGGCCT-1,-1.5879097195616416,4.526041727652664
GTGTCCTCAGTTGTTG-1,7.135292414830126,0.02081493570889174
GTGTCCTGTGGCCTCA-1,2.043231744070965,19.928893117976553
GTGTGATCACTACGGC-1,0.7161181534140947,11.832832673603473
GTGTGATTCTTACGTT-1,0.16949814621907314,4.208323505849897
GTGTGGCAGGTACTGG-1,2.569084539995626,-10.96383755029933
GTGTGGCAGGTAGTCG-1,7.815083591165078,8.747390726241365
GTGTGGCTCACCACAA-1,-1.1604500096864743,12.868286997470854
GTGTTCCGTAGTTCCA-1,-12.000070190497109,-12.380073846162208
GTTACAGAGTGTAGTA-1,12.649427566422467,10.848341649699668
GTTACAGCAAATCAGA-1,3.1310097691291525,-6.67226014450766
GTTACGAGTATGAGAT-1,8.961785695167983,-6.0641515512243895
GTTAGTGAGAACGTGC-1,-0.4031392407412979,23.09638973668536
GTTAGTGCACCTCTAC-1,6.938322449100297,-18.015152024283992
GTTATGGTCGTTCCTG-1,1.5862971443596552,4.009224917376363
GTTCCGTAGTTGCCCG-1,5.161328311121661,-24.03240720931353
GTTCCGTCACCCGTAG-1,-4.653968695089877,5.6196414403585
GTTCTATCAAATGAGT-1,3.959097570445163,1.7713425573838364
GTTCTATCACGTGTGC-1,-3.156479070187022,-17.63851177930148
GTTCTATTCTACACTT-1,-4.007268569745731,18.669680962925035
GTTGAACAGGAACATT-1,0.0713609611736556,5.034445380008813
GTTGAACGTACCCGCA-1,3.616726266806485,-22.06950538050015
GTTGCGGAGCTGCCTG-1,-3.047550381025317,20.447372911621297
GTTGCTCAGTTTCGAC-1,-4.768504932118254,3.0764410621550558
GTTGCTCTCATTTCCA-1,-9.440700106265398,1.9075445141792062
GTTGTAGCAGTTCTAG-1,14.67552971941304,1.197226445699231
GTTGTGATCTCGGTCT-1,10.69485941257095,5.453708269500696
GTTTGGAGTGTATACC-1,6.433150940361842,6.889504744105433
TAACGACCACATATGC-1,2.4946382935428333,5.480953554041355
TAACGACGTGCCTACG-1,-15.983060615083609,-1.597683654256473
TAACTTCGTTGTGGAG-1,8.144099916966073,0.3649030622004471
TAAGCACAGAAGCTGC-1,-13.84354844559628,-5.51798039678673
TAAGCACTCACCATAG-1,4.903718852075248,9.638641099000381
TAAGCCATCTGGCCTT-1,-6.381480138576832,-5.510933658394668
TAAGCGTTCGTTGCCT-1,2.7249725809777883,11.529263618485405
TAAGCGTTCTGTCGTC-1,-7.654026466820566,-2.1927354639403345
TAATTCCCACTCCGGA-1,-4.450659107493109,0.03166282257770269
TAATTCCGTATTGACC-1,10.791749119807854,-15.032001954435245
TAATTCCGTCAGTCCG-1,-2.3336716382561136,12.429158958249648
TACAACGCAAAGGTTA-1,2.1772240828285376,10.525656897224387
TACAACGCATAGATCC-1,6.833922398934271,4.604550296834966
TACACCCTCGACTCCT-1,0.8402510917721616,16.163231440724505
TACAGGTTCCTTACCG-1,2.8365234109496456,12.543680901946741
TACATTCGTGGCTTAT-1,6.8384358814659745,-1.505705493124066
TACCTCGCACCCAACG-1,-1.501854682977941,9.99314141020192
TACCTGCAGTCTGCAT-1,-2.354503482661459,-4.1103962307787345
TACCTGCTCCAAGCTA-1,-20.429312582194964,6.652622532598286
TACGCTCTCTCGGTCT-1,5.266920978958215,-16.841000986361234
TACGCTCTCTTAAGGC-1,-10.694149127367233,1.12461147641339
TACGGGCTCAACGAGG-1,-9.523049682305254,7.240401164454773
TACGGGCTCTACCACC-1,-1.1069472042680304,12.950959878771812
TACGTCCCAAGTGATA-1,-3.309917974257144,-17.789461692051052
TACGTCCCATGTGTCA-1,-6.018814281729464,8.447595350973556
TACTTCATCATGCCGG-1,-9.710251082996928,3.580860576235037
TAGACCAGTCTCGGGT-1,-5.619173598155177,9.581206859985043
TAGACTGAGATTGTGA-1,-2.6536019595889173,12.550093549107746
TAGACTGGTCTTGAAC-1,7.54933664693559,-6.502212223023937
TAGACTGTCGCCGAGT-1,7.256380420557857,-12.168106761612307
TAGAGTCGTTGTGTAC-1,4.589191863890255,-20.857709627297012
TAGATCGCAAATGGTA-1,0.388247892132616,-15.141886217277
TAGATCGCACACGCCA-1,-0.1145514743769963,16.964082363856612
TAGATCGTCACAACCA-1,0.41859554408848165,-14.444260481850437
TAGCACAAGTACTCGT-1,1.5826681321240264,-20.636039243432393
TAGGAGGCAAGACCTT-1,-0.10982364301778479,18.636722476059933
TAGGAGGGTTCCAGGC-1,-15.471923467221991,10.145493405231884
TAGGGTTAGAGAGCGG-1,1.194163536241861,12.14976273505952
TAGGGTTAGGAACATT-1,-0.07466242412553341,10.94218729866346
TAGGTACGTGTCATCA-1,4.873117580346935,-12.277223603304613
TAGGTACTCGAAGCAG-1,-0.884668994693905,3.2538772334808814
TAGTGCACACTCGATA-1,2.2669445757007196,-19.55539625073463
TAGTGCACAGAGGAAA-1,8.907599279204007,-15.44673038376813
TATACCTGTTCTCGTC-1,0.40893069211222755,15.101529737974046
TATACCTTCTGTCCGT-1,1.7655872859790323,-23.13531063693581
TATATCCCATGCGTGC-1,-15.916840053438635,2.4185843806856404
TATCGCCTCTCCCAAC-1,-0.6625441554481636,-10.476451319118768
TATCTTGTCCATCTCG-1,-0.044098232196413886,-8.617581284708818
TATGTTCAGTATGGAT-1,-2.992519622810094,3.547744488227666
TATTGCTTCTCGAACA-1,-4.023623325215146,18.352990100839797
TCAAGCATCCACTTTA-1,9.75694129507145,10.079218425552563
TCAATCTAGAGGTTTA-1,12.129386238450575,11.208852331109043
TCAATCTGTTTCCCAC-1,-20.47297574232899,10.894188549463268
TCACAAGGTAGTGGCA-1,4.7039536069666035,20.853868521330387
TCACAAGGTGGATACG-1,9.04630429904151,-19.46612746697816
TCACACCCACCAGCCA-1,10.559900057620556,-17.73743355432305
TCACACCGTCTCACGG-1,11.69556452829214,13.275312621932668
TCACACCGTTAAACCC-1,6.3709128967441755,-19.251546624674983
TCACACCTCTGGGAGA-1,-6.080985344009957,13.714450968781536
TCACACCTCTTACCAT-1,-4.808529035810677,-1.5446149161636675
TCACATTCAGAACTAA-1,12.51665710818577,-7.8733029553418685
TCACATTCATGCCATA-1,8.252564696316519,5.6576114645635345
TCACGCTAGGACATCG-1,-6.893758573301061,-0.6696188708664246
TCACGCTGTCTGCCTT-1,12.33031266023315,12.30724988228735
TCACGCTTCACTAGCA-1,1.6074662178240664,9.875830630729345
TCACGCTTCGGACTGC-1,-10.700454346680722,2.319751150968185
TCACGGGCAACCGACC-1,1.2529903816257755,-15.58842687371493
TCACTATGTTTAGACC-1,-4.51502369592492,4.435812191897171
TCACTCGCAAAGCAAT-1,3.2096080887715583,-8.692790199930794
TCACTCGGTCAACCAT-1,5.2953482884331144,0.2149152354686659
TCACTCGTCGGTCATA-1,9.973298016192832,-17.09149030485968
TCAGCAACAAATCAAG-1,7.845245473374798,-17.682840337834964
TCAGCAAGTATGACAA-1,4.663369307997386,-4.559581021974005
TCAGGGCTCATGCGGC-1,-7.28600418818173,14.095993656823785
TCAGGTACAATCGCAT-1,-13.272614404049289,5.482520205088207
TCAGGTAGTATGGTAA-1,1.3795336262567621,17.830173413042175
TCAGTCCGTAAGATCA-1,6.201910358892384,-15.776533124839727
TCAGTCCGTCTCTCAC-1,-3.079707678431816,-8.286574198853481
TCAGTTTAGGATATAC-1,9.845406633135916,-10.781590790856175
TCATACTCAGGTACGA-1,-5.258869893968295,8.022833395558214
TCATACTTCAGAGCAG-1,-2.7460770055853425,-8.630009755309695
TCATATCCATGCTGCG-1,6.58869888116569,-3.749473846247589
TCATCATAGCACACAG-1,-1.8597773634645427,-13.034614258543947
TCATCATGTTGCACGC-1,9.166825851342164,-17.188675356667
TCATCCGTCCAACTGA-1,2.509116860474031,22.2943354315832
TCATGCCCAAAGCGTG-1,-2.6364572025725397,7.909198362871445
TCATGCCGTGTCTTAG-1,-3.084527226750767,19.56094278995869
TCATGTTAGAGGCGGA-1,-20.680259494599895,8.035431905685442
TCATGTTGTGTGTGTT-1,-0.024695300029025476,7.486009510806794
TCATTACGTGCATGAG-1,6.476189906759613,6.975473583468019
TCATTGTGTGAGCAGT-1,4.283915426453821,18.88341479682808
TCCATCGGTTTAGTCG-1,-14.51150836549284,12.154821628038516
TCCCACACAGACCAAG-1,4.659648568665096,-24.855971330175286
TCCCAGTAGACCGTTT-1,11.497959719817626,-12.036997406577644
TCCCAGTTCGACATAC-1,-1.3797858670035867,-6.536378895142881
TCCCATGTCGGCCCAA-1,-8.571976429329542,-2.2616110607418585
TCCGATCTCAAACCTG-1,8.380600728456123,6.846449883034004
TCCTCCCAGTCTAACC-1,-0.5651540842879409,-14.948160640913436
TCCTCGATCTCTCGAC-1,-4.782238207246487,3.3637074202717256
TCCTCTTAGAGTGAAG-1,2.623184954906626,-12.847256053741985
TCCTCTTAGCCAAGGT-1,2.771867090015328,2.524532236754247
TCCTTCTCAACTCGTA-1,1.3915611178366174,-9.082614624801133
TCCTTTCTCGCTGTCT-1,7.525158026464262,-5.795460612950924
TCGAAGTGTATCAGGG-1,-5.520242572096889,5.921223353946619
TCGACCTCAAAGACTA-1,-0.3458067279413338,16.94227013977346
TCGACCTCAAGTAGTA-1,13.155282726140653,9.815908375167908
TCGACGGTCGAAGTGG-1,-3.3982034369007814,12.124398905610143
TCGATTTGTACGCTTA-1,0.9463548269142052,13.28824877925226
TCGCAGGAGATTGACA-1,-12.890157234368273,-6.903452772684105
TCGCAGGGTAGGCTCC-1,0.9765426622661303,-1.2249338464706037
TCGCAGGGTTCTAACG-1,-13.35748593302619,-0.2581083639729727
TCGCTCACAAGATTGA-1,2.45600622791562,8.815789449416645
TCGCTTGAGAGACAAG-1,-4.821061563570638,-0.6490501451521483
TCGCTTGAGCATTTGC-1,-4.07244120625298,-0.16258340151256456
TCGGGACGTAACGGTG-1,-1.9587237779590194,-15.057939297007003
TCGGGACTCTAGATCG-1,2.8891339299747605,4.24421555197499
TCGGGCATCCGATTAG-1,8.091556936909766,-2.06491429193395
TCGGGCATCTGAACGT-1,-0.9314061912044928,-10.534303345840536
TCGGGTGCAGTCTGGC-1,-1.0091868918892557,-18.038476504423826
TCGGTCTTCATTGCTT-1,4.506588430055564,12.641975615082247
TCGGTCTTCGACATAC-1,1.9803061341463448,24.45415708967082
TCGTAGACAATGAAAC-1,7.819708280334284,-24.486197972597108
TCGTGCTGTGATCATC-1,5.567011497047263,-3.6842436540862944
TCTAACTAGGTCCAGA-1,-7.516488093358027,0.6688266309327598
TCTACCGCAGTCGTTA-1,8.817123154243207,4.659877238117547
TCTACCGTCCACGGAC-1,0.14850544356215417,16.874454594497035
TCTATACGTTATCCAG-1,8.72646830745227,-15.36264374852965
TCTATCAGTATGCTAC-1,6.299364657444958,-23.46779377060988
TCTATCAGTTGCCGAC-1,-7.854536335540141,11.053039679235921
TCTCACGAGGCTCCCA-1,-5.328173195263917,7.199940928783934
TCTCCGAAGTCAATCC-1,10.312083383953379,-21.103374315266098
TCTCCGATCTCTCTTC-1,-7.4718454661475455,-2.9951607240514537
TCTCTGGCAAAGCAAT-1,1.0051722600523414,-18.23443750021233
TCTGCCAAGTTACGGG-1,-11.72348240983005,7.976187323020927
TCTGCCAGTAACGCGA-1,3.166300105280111,-6.459130843233906
TCTGCCAGTAGATGTA-1,1.6824548847605139,-16.699151000539594
TCTGGCTCATCCTGTC-1,-1.575951712708383,-1.8016146631483483
TCTGTCGAGACTAGAT-1,4.658319833959732,-19.39443761745751
TCTGTCGCACCAGCGT-1,-6.7905925672622205,7.6150179102077065
TCTTAGTAGGCCTGCT-1,0.4823620543835352,12.60219412508562
TCTTAGTCAACACGAG-1,4.064498755130315,-14.574930698151025
TCTTAGTGTTGCCAAT-1,9.029827948997989,-20.93656940238304
TCTTAGTTCAGAATAG-1,1.867131481320008,7.124097092914503
TCTTGCGAGATGAAGG-1,0.478011264063932,19.378090965747425
TCTTGCGCACTACTTT-1,-18.371394915795857,10.788774034350535
TCTTGCGCAGAGGAAA-1,8.773440406173092,8.15920651845097
TCTTGCGGTCCAGCCA-1,-7.86328562173296,2.885828294972256
TCTTTGAGTGGAGAAA-1,-19.372424310715378,11.016570012448435
TGAACGTCAAATGAAC-1,-4.1257061071237935,7.132713359743158
TGAACGTGTAACTAAG-1,6.045227499641926,15.862026058981728
TGAACGTGTCCATAGT-1,9.965549629289628,-19.776186312063334
TGAATGCGTGGACTAG-1,-18.044113241187805,13.573986741486559
TGAATGCTCGACGAGA-1,5.084486242075532,-18.11303182121427
TGAATGCTCGCCGTGA-1,-1.3186227170801725,-17.166909635047173
TGACAGTTCGAGATGG-1,3.194878048938142,-0.5593121307490112
TGACCCTTCTCATTGT-1,-0.8596585748949429,-20.5615502863925
TGACGCGGTGGCTTAT-1,14.736818412875918,-16.27877700006127
TGACTCCAGTCTCCTC-1,-3.408445789577772,2.0002862822511083
TGACTCCCACCATAAC-1,11.322057337819162,-24.72244129962929
TGAGACTAGGCTGAAC-1,7.14074143421803,10.920907514679094
TGAGCATTCCATTGCC-1,-3.4778764478557465,-9.459871869037329
TGAGCATTCCTTCACG-1,-4.151325531182942,10.386025146081309
TGAGCATTCGATACTG-1,2.654563947236682,19.835932439154345
TGAGCATTCTGTCTCG-1,5.308451548393109,-9.573169574939929
TGAGCGCCACTATGTG-1,6.967944724235714,-18.80784353623105
TGAGCGCCAGCATACT-1,5.375034812940642,-15.628875088041472
TGAGCGCTCGTCTAAG-1,-6.23736071991648,7.1135496918736445
TGAGGAGTCCATCGTC-1,-14.558482639499701,9.685181574616692
TGAGGGATCAAACGTC-1,1.656126272306833,12.236813108126873
TGAGGGATCATAAGGA-1,7.2742549198986985,-25.873641825866894
TGAGGTTCAAACTAGA-1,11.87956026544725,-23.57232947475245
TGAGGTTCAGGACATG-1,9.992402928509847,-23.146125053296362
TGAGGTTGTAGCTTTG-1,1.7159238349408592,-10.90578991999384
TGAGTCACAGAACGCA-1,8.00823966664556,-23.123255555153218
TGAGTCAGTAACCCTA-1,7.655011042252878,13.43084930921344
TGAGTCAGTCACTCTC-1,5.216433830506973,-16.142082346965946
TGATCAGAGGATTCAA-1,13.917781643032615,-9.043799612210194
TGATGCACAGGGCTTC-1,-11.814294611965416,3.5765998288352336
TGATGGTAGACCCGCT-1,-3.943715059113758,7.368959710459383
TGCACGGTCGAGTACT-1,5.541013344140397,9.531881042998645
TGCAGGCAGCGTTCAT-1,-4.867379577955691,13.562055249376481
TGCAGGCCAGGAATAT-1,7.8842038555564224,21.73052775215119
TGCAGTAAGTAGTCCT-1,-3.760989735763288,-7.753036400169964
TGCAGTATCCACATAG-1,9.024657262567642,-24.751670477084073
TGCATCCCACCCAACG-1,-14.920720628226023,2.3334443547287615
TGCATGAAGCACCCAC-1,-6.019443988687233,-5.648903763808494
TGCGACGAGCGACAGT-1,-6.848795338674251,1.5393985651287605
TGCGATAAGAATCGCG-1,-3.6664627766821294,15.704765592690002
TGCGGCAAGTGGTGAC-1,-2.6390831593435773,18.17821588323618
TGCGGCACAAAGACGC-1,-2.1862843132325445,6.326581276820394
TGCTCCACAATCTAGC-1,-1.9920167362515158,-0.6587524490302555
TGCTCGTAGACGAGCT-1,-13.95178264733887,-6.961212161534667
TGCTCGTTCCCATTTA-1,-20.23097880573525,10.806356111785838
TGCTGAACAGCACAAG-1,3.741153460810124,12.251222321195312
TGCTTCGCATAGCTGT-1,11.711507711578514,-8.672944405078425
TGCTTGCGTGAACTAA-1,-9.50349242740319,13.1754281642724
TGGAACTAGCGTCTCG-1,-3.4856532113851895,-18.390263196204206
TGGAGAGCAGTCAGTT-1,5.386658029972445,-14.457550641860584
TGGAGGAAGTAGGAAG-1,6.608354746303506,-21.35447599230433
TGGATCAGTTCTCCCA-1,4.141556713922188,-18.552204101936667
TGGATGTTCACGGGAA-1,3.9957379767049175,-3.7747055829271225
TGGCGTGGTGGATTTC-1,-6.965648282441312,9.209645251567345
TGGGAAGTCGATTGGT-1,3.3423300152674167,3.1652282559751272
TGGGAGAAGCAAGTGC-1,-20.211625665341494,9.960111306530031
TGGGAGAAGTGGTGGT-1,3.156505574672694,-11.986845812497503
TGGGATTAGTCACGAG-1,-6.160198732976465,7.2774074737558205
TGGGATTGTACGATGG-1,10.489785998273701,-10.457815803776379
TGGGCGTAGTGGAATT-1,-17.882551879123547,8.24331443902311
TGGGCTGAGAGGGTCT-1,-2.0848432349026607,16.514857931063077
TGGGCTGAGCGTTAGG-1,4.701395363928535,-9.00135623724543
TGGGCTGCATCCGATA-1,4.341866476594188,1.1825313094552998
TGGGCTGGTCGCGGTT-1,-0.3964301021646653,4.500149195768934
TGGGTTAGTATTGAGA-1,13.7202706648841,-14.187845820961067
TGGGTTATCAGTAGGG-1,2.8823915516436482,-20.996827704590242
TGGTACACAAAGGGTC-1,-9.358301052773099,12.923986903370691
TGGTAGTCAGGCATGA-1,-4.238105823031302,4.706376167642985
TGGTAGTCATCACAGT-1,-6.409384451498846,-9.805752291292212
TGGTAGTTCCCTCATG-1,12.17009015270779,-23.9064282021001
TGTACAGAGACTCGAG-1,-0.5811478542690818,-15.94630857571589
TGTACAGAGTGAGTTA-1,5.90530755480357,-23.60796343680413
TGTACAGGTGGATTTC-1,4.443147086804835,21.589805224292018
TGTAGACTCCATTTAC-1,7.771788797448379,-15.946366736337277
TGTCAGACACTCACTC-1,-17.022504637778283,12.289312723067937
TGTCCACCAACTGGTT-1,-6.41672202465427,13.664384689813362
TGTCCACTCGCTTACC-1,9.696503813745858,9.294240974676496
TGTCCCAAGCTCCATA-1,-7.407775536854963,15.13531556197541
TGTCCCAAGGTCATAA-1,-20.263407160989697,12.938850355913338
TGTCCCACATACTTTC-1,-9.94737708355164,6.955386476963655
TGTCCCAGTCAGGCAA-1,6.519414384024778,-22.456505390711673
TGTCCCAGTCGGTGTC-1,2.973512161731372,-21.855604665593845
TGTCCTGGTACTTGTG-1,8.407769344270204,8.387702474084149
TGTCCTGGTTGGCTAT-1,-15.101889022280119,10.324201576717352
TGTGATGAGCGACTGA-1,-13.765225295773968,0.11548926512440225
TGTGATGCATTCTCTA-1,-10.652640576923199,-0.0807576337788641
TGTGCGGGTCGTCGGT-1,-14.50800885230393,4.15403089186654
TGTGCGGTCACATACG-1,9.061286523372242,-20.682663966836646
TGTGGCGTCGTACCTC-1,4.409015029668236,-8.853127675561863
TGTGTGATCTGACAGT-1,-2.4247980764555224,-1.4416849140310948
TGTTCATAGCTGCCTG-1,-12.008602255015507,-12.379220943929692
TGTTCATGTCCTGGGT-1,-1.5239308013423716,-10.818242550243008
TGTTCCGCAAGTATAG-1,4.626345103813297,-3.981683288969881
TGTTGAGCACAACGAG-1,8.521754244453465,-14.799657823892256
TGTTGAGTCTCGACCT-1,-5.902098731525496,-5.54026370232691
TGTTTGTGTGGAAATT-1,8.926680903483279,-12.601727264758653
TTAATCCAGCTACTAC-1,5.217315581198404,-21.991334264750034
TTACAGGGTGATTCTG-1,-1.8300728115570077,0.5239940078327907
TTACCGCGTCCGAAAG-1,1.5697407709489257,-10.93940860635179
TTACGCCCACGTCGTG-1,-0.8328503483343673,-18.580705613428687
TTACGCCTCAATGCAC-1,3.12618375359459,16.029810994813182
TTACGTTGTTTACGAC-1,-1.0001202286059931,6.348175625428163
TTACGTTTCTCGCTTG-1,-1.0775066504040838,5.258451384574524
TTACTGTCATACATCG-1,-16.795153953154443,9.098196304539261
TTACTGTGTAAGAACT-1,2.8181054583407015,5.306698590939249
TTACTGTGTTAAGGGC-1,-12.519376094958648,-1.6486726014932125
TTAGGGTGTCACATTG-1,6.673455405274491,4.412117233250471
TTAGTCTCACGTATAC-1,-1.7337858541562816,17.17994730131491
TTATTGCCAAACGGCA-1,-18.06412084390885,3.3306102953412515
TTATTGCGTACGTAGG-1,8.429324017874022,-14.446656012607416
TTATTGCGTCAACACT-1,2.536195031193152,6.214014311562435
TTATTGCGTGTCTTCC-1,4.1213683212869485,-17.39356039365314
TTCACCGCAGCCCAGT-1,-13.586814096019507,5.4250728026378585
TTCACGCGTTAAGTCC-1,-3.3664603672436657,-2.5344185865972544
TTCACGCTCTATCCAT-1,9.530928609528592,4.48296749263342
TTCAGGAAGATTGGGC-1,-2.8150135723911927,20.731276522699115
TTCAGGAGTCTACAAC-1,4.837870835730245,-1.3644290937054322
TTCATGTAGGTCATAA-1,8.657253944462866,16.3254314720283
TTCCACGGTCAACACT-1,2.6710884558221593,14.05113683141408
TTCCGTGCACTCACTC-1,7.646650857346708,8.916578598115048
TTCCGTGGTTCCAGGC-1,-7.801860540764485,-2.549034870429273
TTCCTCTGTACCTGTA-1,-1.500742087725212,-16.196160110303357
TTCCTTCAGGTAGTCG-1,5.25073967755169,-2.1113637495730577
TTCCTTCAGTAGTCAA-1,-2.1290280067213225,3.4433747182126195
TTCCTTCGTGACACGA-1,2.033358284589657,-16.45672432633245
TTCGCTGAGGGTTAGC-1,7.938906008006031,0.3635600321722782
TTCGCTGAGGTTCCGC-1,-4.691117426759479,-2.5624722386408942
TTCGCTGCACTAGTAC-1,2.022968011590206,8.760094547645217
TTCGCTGTCGGACTGC-1,-1.1389829028815586,15.584818248362415
TTCTCTCGTATCGTAC-1,-0.6592814710884207,1.5478743024865553
TTCTTGAGTCTTGCTC-1,3.2200636671054053,-18.85593285112468
TTGACCCGTCTCGGGT-1,-14.007210107792941,-6.770008907228849
TTGACCCTCGTAGTGT-1,12.21501149076813,8.42343968432832
TTGATGGCATAAGATG-1,7.275294023624716,15.416199281274245
TTGCATTGTGCCTTCT-1,6.399128815707521,-3.6163723161657586
TTGCCTGAGAGTGACC-1,1.6957913791871884,-11.729628431473412
TTGCCTGAGTGGAAAG-1,-1.4228147949120353,-20.265351410824092
TTGCCTGGTAGCTGCC-1,-0.015503258565745243,-18.716650132523178
TTGCTGCCATTGCCGG-1,11.39926793824393,-15.286972352974985
TTGGGATCAACGGGTA-1,-0.5922897872612202,5.597185309869141
TTGGGATTCAGGAAGC-1,10.9184281867865,-17.76987552385348
TTGGGATTCTCTCTAA-1,10.51940134278519,-12.310493811277077
TTGGGCGCACGGTGAA-1,2.166201809031877,-2.166690733738526
TTGGGCGGTCGGAAAC-1,2.356668764266259,12.812645264140306
TTGGGTAGTGCTAGCC-1,6.990510017544542,-25.54443546931364
TTGGGTATCACCGACG-1,3.5582435273317077,-16.86075413656169
TTGGTTTCACTGGATT-1,-4.190823637407392,8.207656279468253
TTGTGGATCTAAGAAG-1,-2.224093669294855,18.348083352678273
TTGTGTTGTGTGTCCG-1,-11.48339192860162,7.4098721175275
TTGTTCACACTTGTGA-1,7.544960901897787,-1.4587761746215382
TTGTTCACAGTCGCTG-1,2.9428853347134525,-15.80967754639134
TTGTTCATCTTTACAC-1,-0.5224803355061272,-15.884675544993561
TTGTTTGAGGTCGACA-1,1.2050119259245582,15.66302266587547
TTGTTTGTCCAACCGG-1,15.014462900211281,-16.30895405319837
TTTACTGTCACGGGAA-1,-13.823712254398304,2.0181102940160174
TTTATGCGTAACATAG-1,-1.7010821492320407,6.086860896315807
TTTATGCGTTGATCGT-1,-23.244490157792036,8.805566507850639
TTTCACATCTCAGGCG-1,-19.948406212485818,9.82853311542538
TTTCATGGTGCCTAAT-1,-9.437185914420839,-4.096468923515791
TTTCATGTCACTCACC-1,7.9906099942605335,-17.095423770900545
TTTCCTCCACAGAGCA-1,4.9506147855566685,-6.314246743834321
TTTCCTCTCCTACACC-1,8.760421580194048,11.056098020496455
TTTCCTCTCTCTTGCG-1,1.8597412410674072,-9.961464141982844
TTTGATCTCTTTGGAG-1,7.590657590242635,21.726997306567135
TTTGGTTAGTAACCTC-1,-4.246387816368994,17.007282128043272
TTTGGTTGTAGAATAC-1,0.8595515369343129,-18.518252553624233
