Feature ID,Feature Name,Cluster 1 Mean Counts,Cluster 1 Log2 fold change,Cluster 1 Adjusted p value,Cluster 2 Mean Counts,Cluster 2 Log2 fold change,Cluster 2 Adjusted p value,Cluster 3 Mean Counts,Cluster 3 Log2 fold change,Cluster 3 Adjusted p value,Cluster 4 Mean Counts,Cluster 4 Log2 fold change,Cluster 4 Adjusted p value
ENSG00000065135,GNAI3,0.0,-1.0460894429600724,0.6941208952296081,0.0,1.020067170344232,1.0,0.0,1.2664391968945052,1.0,0.005577995768417003,3.826932585579093,0.5004709087464512
ENSG00000159352,PSMD4,0.0027013180569139773,-1.0460894429600716,0.5758032381960473,0.0173819228002877,3.020067170344233,0.06402439711110146,0.0,-0.7335608031054939,1.0,0.0,-0.1730674144209079,1.0
ENSG00000143322,ABL2,0.0,-1.0460894429600724,0.6941208952296081,0.0,1.020067170344232,1.0,0.003997794320374965,3.2664391968945052,0.4912092054100837,0.0,1.826932585579093,1.0
ENSG00000116918,TSNAX,0.0013506590284569886,0.9539105570399276,1.0,0.0,1.020067170344232,1.0,0.0,1.2664391968945052,1.0,0.0,1.826932585579093,1.0
ENSG00000115355,CCDC88A,0.0040519770853709655,0.9539105570399267,0.7837188714764702,0.0,-0.3018609245431296,1.0,0.003997794320374965,1.2664391968945052,0.9465368482357607,0.0,0.5050044906917304,1.0
ENSG00000254999,BRK1,0.008103954170741931,0.7612654790975322,0.7123469338825482,0.010429153680172621,1.2127122482866293,0.8968498331732752,0.0,-1.0554888979928565,0.8090843746490052,0.0,-0.49499550930826963,1.0
ENSG00000231160,KLF3-AS1,0.0,-1.0460894429600724,0.6941208952296081,0.0034763845600575406,3.020067170344233,0.5812324172021095,0.0,1.2664391968945052,1.0,0.0,1.826932585579093,1.0
ENSG00000177738,AC025171.1,0.0,-1.0460894429600724,0.6941208952296081,0.0034763845600575406,3.020067170344233,0.5812324172021095,0.0,1.2664391968945052,1.0,0.0,1.826932585579093,1.0
ENSG00000196262,PPIA,0.013506590284569886,0.09141408078986224,1.0,0.010429153680172621,-0.0673956709061061,1.0,0.01599117728149986,0.5883672917818688,1.0,0.011155991536834007,0.24197008485793603,1.0
ENSG00000283886,BX664615.2,0.0,-1.0460894429600724,0.6941208952296081,0.0,1.020067170344232,1.0,0.003997794320374965,3.2664391968945052,0.4912092054100837,0.0,1.826932585579093,1.0
ENSG00000138185,ENTPD1,0.0013506590284569886,0.9539105570399276,1.0,0.0,1.020067170344232,1.0,0.0,1.2664391968945052,1.0,0.0,1.826932585579093,1.0
ENSG00000075239,ACAT1,0.0013506590284569886,0.9539105570399276,1.0,0.0,1.020067170344232,1.0,0.0,1.2664391968945052,1.0,0.0,1.826932585579093,1.0
ENSG00000149311,ATM,0.0013506590284569886,0.9539105570399276,1.0,0.0,1.020067170344232,1.0,0.0,1.2664391968945052,1.0,0.0,1.826932585579093,1.0
ENSG00000111639,MRPL51,0.0,-1.0460894429600724,0.6941208952296081,0.0,1.020067170344232,1.0,0.0,1.2664391968945052,1.0,0.005577995768417003,3.826932585579093,0.5004709087464512
ENSG00000185950,IRS2,0.0013506590284569886,0.9539105570399276,1.0,0.0,1.020067170344232,1.0,0.0,1.2664391968945052,1.0,0.0,1.826932585579093,1.0
ENSG00000102978,POLR2C,0.0013506590284569886,-0.046089442960072446,1.0,0.0,0.43510466962307603,1.0,0.003997794320374965,2.2664391968945052,0.7056768260524537,0.0,1.241970084857937,1.0
ENSG00000267100,ILF3-DT,0.0027013180569139773,1.5388730577610836,0.6941208952296081,0.0,0.43510466962307603,1.0,0.0,0.6814766961733492,1.0,0.0,1.241970084857937,1.0
ENSG00000287271,AC011455.6,0.0,-1.0460894429600724,0.6941208952296081,0.0,1.020067170344232,1.0,0.003997794320374965,3.2664391968945052,0.4912092054100837,0.0,1.826932585579093,1.0
ENSG00000213799,ZNF845,0.005402636113827955,-0.3091238487938659,0.889138552149235,0.006952769120115081,0.60502967106539,1.0,0.011993382961124895,1.4590842748369015,0.5351750761276437,0.0,-0.49499550930826963,1.0
ENSG00000204577,LILRB3,0.0013506590284569886,0.9539105570399276,1.0,0.0,1.020067170344232,1.0,0.0,1.2664391968945052,1.0,0.0,1.826932585579093,1.0
ENSG00000280071,GATD3B,0.08779283684970425,-0.35924732821970284,0.6941208952296081,0.128626228722129,0.48663497026315916,0.7774157000590743,0.13992280121312378,0.6290092762792145,0.5105659430988139,0.050201961915753025,-0.9596637763117148,0.8039706152376217
ENSG00000275464,FP565260.1,0.00945461319919892,-1.0460894429600724,0.37260164270431295,0.038240230160632945,2.020067170344234,0.06366585402022712,0.0,-2.257122759162507,0.371041679056424,0.022311983073668013,0.9009331670228686,0.9429082675677024
ENSG00000280433,FP565260.6,0.01890922639839784,-0.38712636079513985,0.7325172107246044,0.027811076480460325,0.5461359820118217,0.9528000690363743,0.019988971601874825,0.04404677555805847,1.0,0.027889978842085016,0.6045401642426445,1.0
ENSG00000275993,SIK1B,0.006753295142284943,2.5388730577610836,0.2209752752789813,0.0,-0.5648953303769231,1.0,0.0,-0.31852330382665084,1.0,0.0,0.24197008485793603,1.0
ENSG00000288187,CU633906.5,0.0,-1.0460894429600724,0.6941208952296081,0.0,1.020067170344232,1.0,0.003997794320374965,3.2664391968945052,0.4912092054100837,0.0,1.826932585579093,1.0
ENSG00000275895,U2AF1L5,0.05132504308136557,0.19491865654372198,0.8708124486513927,0.0347638456005754,-0.4512385485813555,1.0,0.07196029776674936,0.7864462557748926,0.4912092054100837,0.022311983073668013,-0.9172285099913182,0.8894505160646824
ENSG00000280145,CU638689.4,0.0,-2.0460894429600716,0.3604839764641,0.010429153680172621,4.020067170344233,0.10040981034125417,0.0,0.26643919689450524,1.0,0.0,0.826932585579093,1.0
ENSG00000280164,CU638689.5,0.0,-1.0460894429600724,0.6941208952296081,0.0034763845600575406,3.020067170344233,0.5812324172021095,0.0,1.2664391968945052,1.0,0.0,1.826932585579093,1.0
ENSG00000280018,CU634019.5,0.0,-1.0460894429600724,0.6941208952296081,0.0034763845600575406,3.020067170344233,0.5812324172021095,0.0,1.2664391968945052,1.0,0.0,1.826932585579093,1.0
ENSG00000273590,SMIM11B,0.0027013180569139773,1.5388730577610836,0.6941208952296081,0.0,0.43510466962307603,1.0,0.0,0.6814766961733492,1.0,0.0,1.241970084857937,1.0
ENSG00000278961,SMIM34B,0.0027013180569139773,1.5388730577610836,0.6941208952296081,0.0,0.43510466962307603,1.0,0.0,0.6814766961733492,1.0,0.0,1.241970084857937,1.0
ENSG00000276289,KCNE1B,0.0040519770853709655,1.9539105570399267,0.5327459376859177,0.0,0.02006717034423211,1.0,0.0,0.26643919689450524,1.0,0.0,0.826932585579093,1.0
ENSG00000279579,LINC01666,0.0,-1.6310519436812276,0.5349509793500219,0.0,0.43510466962307603,1.0,0.0,0.6814766961733492,1.0,0.011155991536834007,4.411895086300249,0.21883907880911338
ENSG00000278932,CR381653.1,0.005402636113827955,-1.1835929667100071,0.5210398266513538,0.006952769120115081,-0.09541004707570266,1.0,0.011993382961124895,0.6814766961733492,0.9984041531249629,0.027889978842085016,2.0899669914128864,0.40751008162004976
ENSG00000274391,TPTE,0.0013506590284569886,-0.6310519436812276,0.7837188714764702,0.0,0.02006717034423211,1.0,0.003997794320374965,1.6814766961733492,0.8368307089732322,0.005577995768417003,2.241970084857937,0.8425287243179976
ENSG00000224905,AP001347.1,0.0,-2.368017537847434,0.22214638441049545,0.0,-0.3018609245431296,1.0,0.00799558864074993,2.266439196894506,0.4912092054100837,0.011155991536834007,2.826932585579093,0.48911202949183685
ENSG00000185272,RBM11,0.0,-4.631051943681228,5.9985378521511284e-05,0.0034763845600575406,-1.5034947857127792,0.5812324172021095,0.0799558864074993,4.658756619673266,3.207023854133753e-06,0.011155991536834007,-0.04753653233704913,1.0
ENSG00000155304,HSPA13,0.05672767919519352,-0.6421925012864294,0.39572037632145096,0.06605130664109327,-0.11743635340570124,1.0,0.13992280121312378,1.2664391968945061,0.09613157162656356,0.05577995768417003,-0.31354863797073795,1.0
ENSG00000155307,SAMSN1,0.2728331237483117,0.33384425536285534,0.6941208952296081,0.1807719971229921,-0.5094002177852193,0.8968498331732752,0.24386545354287287,0.006316386480615499,1.0,0.23427582227351412,-0.050583407895912647,1.0
ENSG00000281903,LINC02246,0.0,-1.6310519436812276,0.5210398266513538,0.0034763845600575406,2.020067170344233,0.8629436272874313,0.003997794320374965,2.2664391968945052,0.7056768260524537,0.0,1.241970084857937,1.0
ENSG00000180530,NRIP1,0.22961203483768805,1.1623097062968757,0.025830772509880594,0.08690961400143851,-1.054280171115848,0.40996981933480847,0.12792941825199888,-0.4170871383102397,0.9992480440762698,0.08924793229467205,-0.9184945873353101,0.8084062033748123
ENSG00000229425,AJ009632.2,0.0,-2.6310519436812276,0.285743552723959,0.0,-0.5648953303769231,1.0,0.019988971601874825,4.851401697615662,0.06567233983276712,0.0,0.24197008485793603,1.0
ENSG00000155313,USP25,0.16883237855712357,0.2873342907651195,0.6941208952296081,0.13210261328218653,-0.24142507068115515,1.0,0.1719051557761235,0.21807617533310708,0.9992480440762698,0.10040392383150605,-0.6186268584766479,0.9990235829387976
ENSG00000215386,MIR99AHG,0.0027013180569139773,-0.04608944296007156,1.0,0.0034763845600575406,1.020067170344233,1.0,0.003997794320374965,1.2664391968945052,0.9465368482357607,0.0,0.5050044906917304,1.0
ENSG00000154640,BTG3,0.03781845279679568,-1.4918891960096032,0.011186553214785048,0.1390553824023016,1.3115299845045443,0.074059290250227,0.07196029776674936,0.03863327937169414,1.0,0.11155991536834006,0.7763065125091244,0.6210257400442254
ENSG00000280594,BTG3-AS1,0.006753295142284943,-0.4611269422389155,0.7837188714764702,0.0173819228002877,1.60502967106539,0.43808820013316063,0.00799558864074993,0.3919700789783658,1.0,0.0,-0.8735071325619996,1.0
ENSG00000240770,C21orf91-OT1,0.0,-1.0460894429600724,0.6941208952296081,0.0,1.020067170344232,1.0,0.0,1.2664391968945052,1.0,0.005577995768417003,3.826932585579093,0.5004709087464512
ENSG00000154642,C21orf91,0.10129942713427414,-0.47058727148798285,0.5442059037516307,0.13210261328218653,0.18652831648297408,1.0,0.1479183898538737,0.3850836933931254,0.8090843746490052,0.14502788997884208,0.3434153484174818,0.9975538146496286
ENSG00000244676,AL109761.1,0.0,-2.368017537847434,0.20134940536726148,0.0,-0.3018609245431296,1.0,0.01599117728149986,4.588367291781868,0.017573714224124994,0.0,0.5050044906917304,1.0
ENSG00000154645,CHODL,0.0,-1.6310519436812276,0.5210398266513538,0.0034763845600575406,2.020067170344233,0.8629436272874313,0.003997794320374965,2.2664391968945052,0.7056768260524537,0.0,1.241970084857937,1.0
ENSG00000237484,LINC01684,0.006753295142284943,-2.746529161101164,0.00040167249408462033,0.0347638456005754,0.3920359477311912,1.0,0.03198235456299972,0.2664391968945061,1.0,0.11155991536834006,2.6342875076366963,0.0030295703315443793
ENSG00000234883,MIR155HG,0.0027013180569139773,-2.9846888982959285,0.0018854067625571106,0.006952769120115081,-0.9185322849916231,0.8828688941920821,0.05596912048524951,2.7138981738657275,0.004871578462136371,0.03346797461050202,1.3863599941931106,0.5004709087464512
ENSG00000260583,AP000223.1,0.0013506590284569886,-0.046089442960072446,1.0,0.0,0.43510466962307603,1.0,0.0,0.6814766961733492,1.0,0.005577995768417003,2.826932585579093,0.7320735646659243
ENSG00000154719,MRPL39,0.0472730659959946,-1.4307532931953983,0.00994684925667677,0.11819707504195637,0.579494578958252,0.6694345953912093,0.15191618417424868,1.044046775558058,0.1957964613881086,0.11713791113675706,0.5314767020529207,0.8425287243179976
ENSG00000154721,JAM2,0.0,-2.0460894429600716,0.3296040456254042,0.0034763845600575406,1.435104669623077,0.966566902203134,0.0,0.26643919689450524,1.0,0.011155991536834007,3.411895086300249,0.3036979530948469
ENSG00000287109,AP000224.1,0.0,-1.0460894429600724,0.6941208952296081,0.0,1.020067170344232,1.0,0.0,1.2664391968945052,1.0,0.005577995768417003,3.826932585579093,0.5004709087464512
ENSG00000154723,ATP5PF,1.2250477388104886,0.0559451912108925,0.9995303372361223,1.035962598897147,-0.2627345932533077,1.0,1.4511993382961124,0.3333646694823328,0.7559886783443835,1.0263512213887285,-0.25731559087269334,1.0
ENSG00000154727,GABPA,0.11075404033347307,-0.01090001449777267,1.0,0.1112443059218413,0.031038288165236683,1.0,0.0679625034463744,-0.7534603605431984,0.6683640316290561,0.1729178688209271,0.7825384662206387,0.5004709087464512
ENSG00000142192,APP,0.5037958176144567,1.4895777615043095,0.0017532238561916774,0.0695276912011508,-2.5005047431069682,0.0028915247386039514,0.21188309897987315,-0.7892449356831721,0.5636704953289842,0.30678976726293516,-0.16984351354662142,1.0
ENSG00000233783,AP001442.1,0.0027013180569139773,1.5388730577610836,0.6941208952296081,0.0,0.43510466962307603,1.0,0.0,0.6814766961733492,1.0,0.0,1.241970084857937,1.0
ENSG00000166265,CYYR1,0.0027013180569139773,-1.0460894429600716,0.5758032381960473,0.0,-0.979932829655767,0.8828688941920821,0.019988971601874825,3.266439196894506,0.03990509116657943,0.0,-0.1730674144209079,1.0
ENSG00000154734,ADAMTS1,0.0,-2.368017537847434,0.20134940536726148,0.013905538240230162,4.341995265231595,0.029518188594465672,0.0,-0.0554888979928565,1.0,0.0,0.5050044906917304,1.0
ENSG00000154736,ADAMTS5,0.025662521540682784,3.2758386519272893,0.006650688274902444,0.0,-2.3722502524345277,0.34930956495719506,0.003997794320374965,-1.0554888979928565,0.8984859132391354,0.0,-1.5653848371996677,0.9429082675677024
ENSG00000232079,LINC01697,0.0,-1.0460894429600724,0.6941208952296081,0.0034763845600575406,3.020067170344233,0.5812324172021095,0.0,1.2664391968945052,1.0,0.0,1.826932585579093,1.0
ENSG00000232855,AF165147.1,0.0013506590284569886,-1.3680175378474342,0.5145521765710949,0.013905538240230162,3.3419952652315947,0.074059290250227,0.0,-0.31852330382665084,1.0,0.0,0.24197008485793603,1.0
ENSG00000156239,N6AMT1,0.013506590284569886,-1.2870975424638678,0.14576773602740203,0.013905538240230162,-0.6580047347684044,0.9764863098349646,0.0679625034463744,2.188436684893233,0.01132753370006808,0.022311983073668013,0.14886068046645384,1.0
ENSG00000198862,LTN1,0.17018303758558057,-0.011601066574782326,1.0,0.08690961400143851,-1.0932743027317118,0.3720085170239022,0.21987868762062307,0.46646380520249986,0.6823830633563717,0.23985381804193112,0.5928772467170638,0.7320735646659243
ENSG00000156253,RWDD2B,0.020259885426854828,-0.8009769451235416,0.41429226963718896,0.06257492208103572,1.683032183066663,0.0602883691305233,0.019988971601874825,-0.358051668013287,1.0,0.01673398730525101,-0.4584696332831557,1.0
ENSG00000273254,AF129075.2,0.0013506590284569886,-2.0460894429600716,0.1774282236331532,0.0,-1.1498578310980792,0.8968498331732752,0.027984560242624756,4.266439196894505,0.0032925741306737985,0.0,-0.34299241586322005,1.0
ENSG00000156256,USP16,0.36062596059801594,-0.1297473720069826,0.8634135093944574,0.30592184128506356,-0.3590677819496053,1.0,0.44375516956162114,0.29243440542745036,0.8368307089732322,0.46855164454702825,0.36904478200713187,0.8894505160646824
ENSG00000156261,CCT8,0.6240044711471288,-0.2301400489921387,0.7007257670326091,0.6292256053704148,-0.1285630527348507,1.0,0.9234904880066169,0.5602707020363467,0.4912092054100837,0.6303135218311213,-0.11331660697585755,1.0
ENSG00000231125,AF129075.1,0.0027013180569139773,1.5388730577610836,0.6941208952296081,0.0,0.43510466962307603,1.0,0.0,0.6814766961733492,1.0,0.0,1.241970084857937,1.0
ENSG00000286018,AF129075.3,0.0027013180569139773,-1.6310519436812285,0.28918824213739447,0.0034763845600575406,-0.30186092454312874,1.0,0.00799558864074993,0.68147669617335,1.0,0.027889978842085016,2.826932585579092,0.153494949973902
ENSG00000156265,MAP3K7CL,0.24176796609380094,1.1059136504849771,0.1967770931754688,0.024334691920402784,-2.9629264043500765,0.053332547038277354,0.01599117728149986,-3.4116327082181317,0.03990509116657943,0.3848817080207732,1.3787867744883098,0.2600965522841135
ENSG00000215533,LINC00189,0.01755856736994085,3.7612654790975313,0.004931717907457167,0.0,-1.7872877517133716,0.5812324172021095,0.0,-1.5409157251630985,0.5041671151696193,0.0,-0.9804223364785116,0.9578508699192845
ENSG00000156273,BACH1,0.5254063620697685,2.678597821427697,3.2137382138121973e-09,0.08343322944138097,-2.0639970944442414,0.01417952512986839,0.04397573752412461,-2.9200877718849356,0.001322854857151196,0.12829390267359106,-1.3194239447248157,0.48911202949183685
ENSG00000248476,BACH1-IT1,0.006753295142284943,0.9539105570399284,0.6941208952296081,0.0,-0.979932829655767,0.8828688941920821,0.0,-0.7335608031054939,1.0,0.011155991536834007,1.826932585579092,0.7320735646659243
ENSG00000273017,AP000240.1,0.041870429882166646,1.7839855555976145,0.03358163945519954,0.0,-3.3018609245431296,0.053332547038277354,0.019988971601874825,-0.27788131932930416,1.0,0.01673398730525101,-0.3825207800498571,1.0
ENSG00000232118,BACH1-AS1,0.0013506590284569886,-0.046089442960072446,1.0,0.0034763845600575406,2.020067170344233,0.8629436272874313,0.0,0.6814766961733492,1.0,0.0,1.241970084857937,1.0
ENSG00000228817,BACH1-IT2,0.012155931256112897,2.2758386519272893,0.12364072486116198,0.0034763845600575406,-0.30186092454312874,1.0,0.0,-1.1929924217427912,0.8351559420988542,0.0,-0.6324990330582052,1.0
ENSG00000273464,AP000238.1,0.0013506590284569886,-0.046089442960072446,1.0,0.0,0.43510466962307603,1.0,0.003997794320374965,2.2664391968945052,0.6801888056874034,0.0,1.241970084857937,1.0
ENSG00000156299,TIAM1,0.2458199431791719,1.240791704828089,0.014014278638458734,0.14253176696235917,-0.342502909040475,1.0,0.11193824097049902,-0.7147835960748656,0.6766445566484405,0.027889978842085016,-2.565384837199668,0.05597167878436051
ENSG00000237594,AP000251.1,0.0,-1.0460894429600724,0.6941208952296081,0.0,1.020067170344232,1.0,0.003997794320374965,3.2664391968945052,0.4912092054100837,0.0,1.826932585579093,1.0
ENSG00000234509,AP000253.1,0.0,-2.368017537847434,0.29038477796232537,0.013905538240230162,4.341995265231595,0.074059290250227,0.0,-0.0554888979928565,1.0,0.0,0.5050044906917304,1.0
ENSG00000142168,SOD1,0.584835359321876,-1.3982803765647818,0.001306583545242138,1.369695516662671,0.48212633739287375,0.5812324172021095,1.8669699476151087,1.068025638492498,0.07382291703812315,1.3721869590305829,0.43656343458985364,0.8039706152376217
ENSG00000273271,AP000254.2,0.013506590284569886,0.8283796749560688,0.656180921090402,0.010429153680172621,0.31962745220314126,1.0,0.0,-1.7335608031054939,0.5351750761276437,0.011155991536834007,0.6045401642426445,1.0
ENSG00000156304,SCAF4,0.18639094592706443,-0.16555310956164426,0.8173090643043692,0.1633900743227044,-0.31383356620920466,1.0,0.1479183898538737,-0.46291321316182454,0.9465368482357607,0.3681477207155222,1.09212187611656,0.21883907880911338
ENSG00000273091,AP000255.1,0.0013506590284569886,0.9539105570399276,1.0,0.0,1.020067170344232,1.0,0.0,1.2664391968945052,1.0,0.0,1.826932585579093,1.0
ENSG00000159055,MIS18A,0.0351171347398817,-0.3786647820469433,0.7007257670326091,0.041716614720690486,0.13554438776416955,1.0,0.03198235456299972,-0.26407551980427346,1.0,0.07251394498942104,1.0796986559590596,0.5004709087464512
ENSG00000227256,MIS18A-AS1,0.0,-1.0460894429600724,0.6941208952296081,0.0,1.020067170344232,1.0,0.003997794320374965,3.2664391968945052,0.4912092054100837,0.0,1.826932585579093,1.0
ENSG00000142207,URB1,0.031065157654510737,-0.2684818642965201,0.8118348140571975,0.05562215296092065,0.9782469946496066,0.43808820013316063,0.011993382961124895,-1.3185233038266508,0.4912092054100837,0.044623966147336026,0.5705928323193064,0.9552471366163406
ENSG00000256073,URB1-AS1,0.02701318056913977,0.6457882616775956,0.5821257828202471,0.013905538240230162,-0.5159857298959762,1.0,0.019988971601874825,0.04404677555805847,1.0,0.01673398730525101,-0.0799580100294266,1.0
ENSG00000166979,EVA1C,0.006753295142284943,-2.6705803078678656,0.0011481369608504876,0.06605130664109327,1.818433309174583,0.06366585402022712,0.04397573752412461,0.8972053872287873,0.548933804167852,0.03346797461050202,0.4643625061943837,1.0
ENSG00000242220,TCP10L,0.0013506590284569886,-1.0460894429600716,0.682567470361764,0.0034763845600575406,1.020067170344233,1.0,0.00799558864074993,2.266439196894506,0.4912092054100837,0.0,0.5050044906917304,1.0
ENSG00000159079,CFAP298,0.19179358204089236,-0.7870849141624321,0.14876267467835735,0.28506353392471834,0.17110492749305317,1.0,0.3797904604356217,0.6915303608372729,0.43698082609480804,0.3402577418734372,0.45920080107860484,0.8084062033748123
ENSG00000159082,SYNJ1,0.0472730659959946,0.4233958403411471,0.6941208952296081,0.04519299928074803,0.24245959168068154,1.0,0.019988971601874825,-0.9559532244419415,0.6258079613066204,0.03904597037891902,0.07204508341562388,1.0
ENSG00000238197,PAXBP1-AS1,0.03781845279679568,0.6419665507251873,0.5442059037516307,0.013905538240230162,-1.050322157547165,0.7313661501149639,0.05197132616487454,1.0293999995936565,0.48786495609179187,0.0,-2.696629370477921,0.27184377856982805
ENSG00000159086,PAXBP1,0.1526244702156397,0.2790059310059725,0.6999375332072343,0.1390553824023016,0.020067170344233443,1.0,0.09994485800937412,-0.5169368622286581,0.9168055254344969,0.13944989421042508,0.04355652645592789,1.0
ENSG00000205930,C21orf62-AS1,0.005402636113827955,-2.894086349515023,0.0003644911454125759,0.05562215296092065,1.522567510873417,0.11958873776979112,0.05197132616487454,1.3189066167886416,0.2566907106378424,0.03346797461050202,0.5468246663863567,1.0
ENSG00000205929,C21orf62,0.00945461319919892,-1.9040704380876452,0.017982237969369715,0.0173819228002877,-0.34916663932148584,1.0,0.07595809208712434,2.5009044505315288,0.002864207186920241,0.022311983073668013,0.14886068046645384,1.0
ENSG00000184221,OLIG1,0.11480601741884403,4.3801753117420255,1.9810268978330001e-10,0.010429153680172621,-2.406197584357864,0.03198269799343981,0.0,-4.209294234071892,0.0023556620103955604,0.0,-3.6488008453873055,0.04182129785067767
ENSG00000159110,IFNAR2,0.29984630431745146,-0.00674077548424723,1.0,0.36502037880604177,0.3642833324333803,0.8629436272874313,0.31182795698924726,0.07436491818443813,1.0,0.1840738603577611,-0.7509404903557448,0.8894505160646824
ENSG00000223799,IL10RB-DT,0.07833822365050534,2.377121987764472,0.0001738063355378616,0.010429153680172621,-2.0243269490142195,0.10099759334089844,0.01599117728149986,-1.4340005212465865,0.371041679056424,0.01673398730525101,-1.2174615337793613,0.7320735646659243
ENSG00000243646,IL10RB,0.595640631549532,1.384261111813275,0.002459662280578459,0.18424838168304963,-1.333569784270467,0.11958873776979112,0.22387648194099805,-1.0013331279459508,0.4318777279973996,0.30121177149451817,-0.4976162094674057,1.0
ENSG00000142166,IFNAR1,0.32550882585813423,-0.06974071102471813,0.9713789030960871,0.22596499640374013,-0.6566378990044985,0.7313661501149639,0.3558036945133719,0.12166767268053214,1.0,0.5075976149259472,0.7211379215564951,0.5004709087464512
ENSG00000159128,IFNGR2,0.8887336407246985,2.0419208067737413,3.196708029468624e-06,0.04519299928074803,-3.816434097372887,1.3629760709024737e-06,0.1359250068927488,-2.2097573042221965,0.00937644334659796,0.5968455472206193,0.11829571447138021,1.0
ENSG00000142188,TMEM50B,0.16748171952866658,-0.665267659019142,0.24933709962036466,0.21901222728362504,0.037073595649923075,1.0,0.3797904604356217,1.0634991382242311,0.10982949195473533,0.1840738603577611,-0.23026281600245113,1.0
ENSG00000177692,DNAJC28,0.0040519770853709655,0.9539105570399267,0.7837188714764702,0.0,-0.3018609245431296,1.0,0.003997794320374965,1.2664391968945052,0.9465368482357607,0.0,0.5050044906917304,1.0
ENSG00000159131,GART,0.11075404033347307,-0.4784049336707521,0.5210398266513538,0.12514984416207145,-0.07426021220391998,1.0,0.17990074441687343,0.5708326324893576,0.548933804167852,0.16733987305251008,0.4235768913478837,0.8894505160646824
ENSG00000159140,SON,1.277723440920311,-0.48978570560630447,0.41099935651954234,1.8042435866698634,0.2984421223125133,0.8828688941920821,1.611111111111111,0.08623460384896409,1.0,2.035968455472206,0.47458157011797675,0.7446466724196285
ENSG00000159147,DONSON,0.022961203483768806,-0.5200206312924855,0.6941208952296081,0.010429153680172621,-1.2653350485180148,0.5812324172021095,0.07196029776674936,1.9294042096169353,0.02748179264305446,0.01673398730525101,-0.4584696332831557,1.0
ENSG00000205758,CRYZL1,0.14181919798798379,-0.47804032517526274,0.5145521765710949,0.17034284344281947,0.02729873957530904,1.0,0.20388751033912322,0.3448270955792223,0.8090843746490052,0.23427582227351412,0.5666968130979719,0.7320735646659243
ENSG00000205726,ITSN1,0.06618229239439244,5.597766746814651,3.2137382138121973e-09,0.0,-3.6237890194304914,0.01629698119823286,0.0,-3.377416992880219,0.02748179264305446,0.0,-2.8169236041956323,0.21883907880911338
ENSG00000241837,ATP5PO,1.3398537562293327,-0.22871133560391976,0.7007257670326091,1.3488372093023258,-0.1336964940362133,1.0,1.7710228839261095,0.3500486295452607,0.722868773988756,1.6455087516830158,0.20349593704330027,1.0
ENSG00000237945,LINC00649,0.005402636113827955,-4.6310519436812285,5.320612124679127e-12,0.17729561256293455,1.530682329605308,0.029518188594465672,0.2518610421836228,2.33570185933162,0.00016587807294397378,0.027889978842085016,-1.482922677007695,0.5004709087464512
ENSG00000273102,AP000569.1,0.0,-1.0460894429600724,0.6941208952296081,0.0,1.020067170344232,1.0,0.003997794320374965,3.2664391968945052,0.4912092054100837,0.0,1.826932585579093,1.0
ENSG00000243927,MRPS6,0.2971449862605375,-0.47250600436940693,0.4905906157363846,0.6014145288899545,1.0367459114908635,0.090943473200043,0.30383236834849736,-0.2514091079681129,1.0,0.2621658011155991,-0.4646218602647514,1.0
ENSG00000198743,SLC5A3,0.09589679102044618,-0.35189787248415794,0.6941208952296081,0.07648046032126589,-0.5648953303769226,0.8968498331732752,0.16790736145574853,0.8100609022347629,0.4136672296295161,0.13387189844200809,0.3833259341034774,0.9552471366163406
ENSG00000227456,LINC00310,0.0,-1.6310519436812276,0.5210398266513538,0.0034763845600575406,2.020067170344233,0.8629436272874313,0.0,0.6814766961733492,1.0,0.005577995768417003,2.826932585579093,0.7320735646659243
ENSG00000214955,AP000317.1,0.0013506590284569886,0.9539105570399276,1.0,0.0,1.020067170344232,1.0,0.0,1.2664391968945052,1.0,0.0,1.826932585579093,1.0
ENSG00000205670,SMIM11A,0.0,-3.2160144444023846,0.049206415883847124,0.0,-1.1498578310980792,0.9501755868403546,0.003997794320374965,0.2664391968945061,1.0,0.03904597037891902,4.826932585579093,0.0047355189355226075
ENSG00000180509,KCNE1,0.07563690559359136,5.786800571204669,3.963654535026526e-10,0.0,-3.812822843820509,0.008166000198575623,0.0,-3.566450817270236,0.018669451475706093,0.0,-3.005957428585649,0.14681244543350463
ENSG00000159200,RCAN1,0.07833822365050534,0.7490907651514291,0.30651930327302374,0.05214576840086311,-0.2467193703506676,1.0,0.02398676592224979,-1.3524706357499876,0.371041679056424,0.06693594922100404,0.2054442088328221,1.0
ENSG00000159212,CLIC6,0.0,-1.6310519436812276,0.5210398266513538,0.0034763845600575406,2.020067170344233,0.8629436272874313,0.0,0.6814766961733492,1.0,0.005577995768417003,2.826932585579093,0.7320735646659243
ENSG00000159216,RUNX1,0.23096269386614504,0.24062395934323177,0.7272948043508681,0.21553584272356752,0.03156280918206322,1.0,0.17590295009649845,-0.3077968972335916,1.0,0.1896518561261781,-0.16272547019944872,1.0
ENSG00000185917,SETD4,0.05132504308136557,-0.6675778197063424,0.37603230066023835,0.07300407576120835,0.21271224828662927,1.0,0.0799558864074993,0.3733544008110181,0.914184512617536,0.10040392383150605,0.7529320041353151,0.6557683007508042
ENSG00000159228,CBR1,0.239066648036887,0.3635547975485527,0.6631849153338608,0.1460081515224167,-0.6251304375102928,0.7927746209414257,0.22387648194099805,0.10497577420039006,1.0,0.1952298518945951,-0.11166686975676443,1.0
ENSG00000236830,CBR3-AS1,0.022961203483768806,-0.5766041596588529,0.6441684925968952,0.006952769120115081,-1.7525223335526938,0.26547222436274914,0.0919492693686242,2.5294736027283,0.0014390859674625312,0.0,-2.599332169123006,0.27184377856982805
ENSG00000159231,CBR3,0.0040519770853709655,-3.4723541976621712,5.4393591433018695e-06,0.0173819228002877,-0.7525223335526938,0.8828688941920821,0.11193824097049902,2.954495190579766,7.101465065292215e-05,0.050201961915753025,0.9394073148375046,0.7102509739413919
ENSG00000142197,DOP1B,0.11615667644730102,-0.24700213688606887,0.7325172107246044,0.03128746104051786,-2.125610284851402,0.029518188594465672,0.05596912048524951,-1.2529349621990735,0.371041679056424,0.42392767839969225,2.312359412749334,0.0002016567602883542
ENSG00000273199,AP000692.2,0.0040519770853709655,-1.2160144444023855,0.4905906157363846,0.010429153680172621,0.8501421689019217,0.9974295447710483,0.019988971601874825,2.0440467755580585,0.28154605126951715,0.0,-0.758029915142064,1.0
ENSG00000159256,MORC3,0.24446928415071492,0.03544044253652556,1.0,0.1981539199232798,-0.33140520015714414,1.0,0.23187207058174797,-0.0554888979928565,1.0,0.31236776303135216,0.44550347894306785,0.8425287243179976
ENSG00000228107,AP000692.1,0.00945461319919892,-1.5055210615973698,0.13419535128859456,0.006952769120115081,-1.1498578310980792,0.7313661501149639,0.04797353184449958,1.8794160737852588,0.08700105313394371,0.03904597037891902,1.3675009669417948,0.5001467140463234
ENSG00000159259,CHAF1B,0.0040519770853709655,-1.368017537847435,0.30651930327302374,0.013905538240230162,1.1720702637892835,0.7966837148858602,0.019988971601874825,1.851401697615663,0.28194456500714365,0.0,-0.8735071325619996,0.9552471366163406
ENSG00000233818,AP000695.2,0.0,-1.0460894429600724,0.6941208952296081,0.0034763845600575406,3.020067170344233,0.5812324172021095,0.0,1.2664391968945052,1.0,0.0,1.826932585579093,1.0
ENSG00000159267,HLCS,0.02836383959759676,-0.34154532648624425,0.7525710603858742,0.03128746104051786,0.05659304636934692,1.0,0.027984560242624756,-0.09111280772357766,1.0,0.05577995768417003,1.0384366907728042,0.6210257400442254
ENSG00000224790,AP000704.1,0.0,-2.6310519436812276,0.14876267467835735,0.006952769120115081,1.605029671065389,0.7313661501149639,0.00799558864074993,1.8514016976156622,0.548933804167852,0.005577995768417003,1.5050044906917304,0.9920229880584803
ENSG00000183145,RIPPLY3,0.0,-1.0460894429600724,0.6941208952296081,0.0034763845600575406,3.020067170344233,0.5812324172021095,0.0,1.2664391968945052,1.0,0.0,1.826932585579093,1.0
ENSG00000185808,PIGP,0.12561128964649992,-0.7676249965566728,0.18476693601223873,0.1564373052025893,-0.12170679078392999,1.0,0.32382133995037216,1.240286909038538,0.05711786431261206,0.15618388151567608,-0.09644613281799508,1.0
ENSG00000182670,TTC3,0.5173024078990266,-0.5852482540681041,0.30172040030403,0.5770798369695517,-0.19428103734331414,1.0,0.8155500413564929,0.4203984873048827,0.6683640316290561,1.0430852086939795,0.8231007239880652,0.39275557201221245
ENSG00000228677,TTC3-AS1,0.0013506590284569886,0.9539105570399276,1.0,0.0,1.020067170344232,1.0,0.0,1.2664391968945052,1.0,0.0,1.826932585579093,1.0
ENSG00000230366,DSCR9,0.0,-2.853444365017676,0.09415022578043569,0.010429153680172621,2.020067170344233,0.46072165718140673,0.0,-0.5409157251630985,1.0,0.01673398730525101,2.826932585579093,0.29913616012904176
ENSG00000157538,VPS26C,0.1526244702156397,-0.17898371345741815,0.807625353175993,0.11819707504195637,-0.5230751546822958,0.8968498331732752,0.21987868762062307,0.558094280668068,0.5351750761276437,0.1952298518945951,0.3315216698362282,0.9695525448577339
ENSG00000272948,AP001412.1,0.0,-2.853444365017676,0.08183398272396755,0.010429153680172621,2.020067170344233,0.44542211366154943,0.0,-0.5409157251630985,1.0,0.01673398730525101,2.826932585579093,0.27184377856982805
ENSG00000287637,AP001437.2,0.0013506590284569886,0.9539105570399276,1.0,0.0,1.020067170344232,1.0,0.0,1.2664391968945052,1.0,0.0,1.826932585579093,1.0
ENSG00000273210,AP001437.1,0.0040519770853709655,-1.6310519436812285,0.18630932845010187,0.006952769120115081,-0.09541004707570266,1.0,0.01599117728149986,1.1289356731445714,0.722868773988756,0.027889978842085016,2.0899669914128864,0.27184377856982805
ENSG00000157540,DYRK1A,0.21745610358157516,-0.12409195496134551,0.8797287883022307,0.2398705346439703,0.11043119799689727,1.0,0.20788530465949817,-0.13492336548726103,1.0,0.27332179265243317,0.32613053252193414,0.9552471366163406
ENSG00000157551,KCNJ15,0.01080527222765591,3.123835558482239,0.18476693601223873,0.0,-1.1498578310980792,1.0,0.0,-0.9034858045478069,1.0,0.0,-0.34299241586322005,1.0
ENSG00000157557,ETS2,0.2957943272320805,3.2117083145075744,1.567289692182721e-10,0.03128746104051786,-2.5221908794226846,0.004968180094566633,0.03997794320374965,-2.132110179595769,0.025956114326200232,0.01673398730525101,-3.073934222401656,0.02041023400971622
ENSG00000235888,AF064858.1,0.0027013180569139773,1.5388730577610836,0.7325172107246044,0.0,0.43510466962307603,1.0,0.0,0.6814766961733492,1.0,0.0,1.241970084857937,1.0
ENSG00000183527,PSMG1,0.07833822365050534,-0.6870083496552439,0.29650721330703844,0.17729561256293455,1.0911502684057157,0.11958873776979112,0.07196029776674936,-0.5300274090203616,0.8834226167982916,0.12271590690517407,0.35049454163610516,0.9975538146496286
ENSG00000185658,BRWD1,0.23231335289460203,-0.5421985528862341,0.39094595726221176,0.302445456725006,0.11755501524628897,1.0,0.40777502067824645,0.6583189751860974,0.46648778826602105,0.30121177149451817,0.10844641202054639,1.0
ENSG00000272991,AF129408.1,0.0,-1.6310519436812276,0.5308926750055483,0.006952769120115081,3.605029671065389,0.26547222436274914,0.0,0.6814766961733492,1.0,0.0,1.241970084857937,1.0
ENSG00000237373,BRWD1-IT1,0.0013506590284569886,-0.6310519436812276,0.7837188714764702,0.0,0.02006717034423211,1.0,0.00799558864074993,2.851401697615662,0.3722629856215612,0.0,0.826932585579093,1.0
ENSG00000255568,BRWD1-AS2,0.00945461319919892,2.9539105570399267,0.08489333594711022,0.0,-0.979932829655767,0.8828688941920821,0.0,-0.7335608031054939,1.0,0.0,-0.1730674144209079,1.0
ENSG00000205581,HMGN1,0.82525266638722,-1.2735244945295665,0.0038071442157036352,1.6304243586669864,0.27544800363459193,0.8968498331732752,2.27074717397298,0.891247033140692,0.17583164188157904,2.203308328524716,0.7689135222212348,0.43950529049074216
ENSG00000182093,GET1,0.0823902007358763,0.02546381806496134,1.0,0.08343322944138097,0.07896085939780173,1.0,0.05596912048524951,-0.5545906620601748,0.9589877425479229,0.11155991536834006,0.575393818583128,0.8087556293967287
ENSG00000157578,LCA5L,0.0,-1.0460894429600724,0.6941208952296081,0.0034763845600575406,3.020067170344233,0.5812324172021095,0.0,1.2664391968945052,1.0,0.0,1.826932585579093,1.0
ENSG00000185437,SH3BGR,0.0,-3.6310519436812276,0.010469110351600874,0.0034763845600575406,-0.4393644482930634,1.0,0.01599117728149986,1.5883672917818688,0.48786495609179187,0.03346797461050202,3.0493250069155398,0.0689011663829404
ENSG00000182240,BACE2,0.0013506590284569886,-4.368017537847434,4.756892986387731e-06,0.0034763845600575406,-2.3018609245431287,0.22563808004448963,0.0,-3.0911128077235777,0.12327781969378897,0.21196383919984613,6.527372303720185,2.3975141902695927e-13
ENSG00000183844,FAM3B,0.0013506590284569886,0.9539105570399276,1.0,0.0,1.020067170344232,1.0,0.0,1.2664391968945052,1.0,0.0,1.826932585579093,1.0
ENSG00000183486,MX2,0.29984630431745146,0.41496045407560733,0.5698304906993157,0.15991368976264686,-0.8262234142603135,0.5812324172021095,0.19988971601874825,-0.4448397536080504,0.9774623772345161,0.3625697249471052,0.5539140911726761,0.7320735646659243
ENSG00000157601,MX1,0.19854687718317732,-0.3601980333881356,0.6740165267663597,0.21553584272356752,-0.07411526871247398,1.0,0.1719051557761235,-0.4440541859105087,0.9803261808803296,0.43508366993652625,1.1477197590618848,0.20116185415480764
ENSG00000141956,PRDM15,0.024311862512225793,-0.25759354815378366,0.8376087487569371,0.0173819228002877,-0.5242533458795764,1.0,0.019988971601874825,-0.27788131932930416,1.0,0.06135795345258704,1.5539140911726763,0.21883907880911338
ENSG00000227698,AP001619.1,0.0,-1.0460894429600724,0.6941208952296081,0.0,1.020067170344232,1.0,0.0,1.2664391968945052,1.0,0.005577995768417003,3.826932585579093,0.5004709087464512
ENSG00000157617,C2CD2,0.024311862512225793,0.39448314842590904,0.7408563391761762,0.024334691920402784,0.3762109805695095,1.0,0.003997794320374965,-1.6877571134923697,0.46648778826602105,0.027889978842085016,0.65700758413678,1.0
ENSG00000173276,ZBTB21,0.04322108891062364,-0.1309783405465863,0.9264415124666364,0.04866938384080557,0.19903731138955294,1.0,0.04797353184449958,0.1855192015109388,1.0,0.044623966147336026,0.11421453765956358,1.0
ENSG00000237232,ZNF295-AS1,0.0,-1.0460894429600724,0.6941208952296081,0.0,1.020067170344232,1.0,0.003997794320374965,3.2664391968945052,0.4912092054100837,0.0,1.826932585579093,1.0
ENSG00000177398,UMODL1,0.0,-2.0460894429600716,0.3296040456254042,0.006952769120115081,2.605029671065389,0.43808820013316063,0.0,0.26643919689450524,1.0,0.005577995768417003,2.241970084857937,0.8425287243179976
ENSG00000184385,UMODL1-AS1,0.008103954170741931,2.7612654790975313,0.1450107311850034,0.0,-0.7872877517133716,1.0,0.0,-0.5409157251630985,1.0,0.0,0.019577663521488375,1.0
ENSG00000160179,ABCG1,0.01755856736994085,-1.9391742390435605,0.0042407246000021204,0.04519299928074803,0.126982374260745,1.0,0.08395368072787426,1.2664391968945066,0.1957964613881086,0.09482592806308905,1.4118950863002482,0.21883907880911338
ENSG00000160183,TMPRSS3,0.0,-1.6310519436812276,0.5210398266513538,0.006952769120115081,3.605029671065389,0.25285999507596046,0.0,0.6814766961733492,1.0,0.0,1.241970084857937,1.0
ENSG00000160185,UBASH3A,0.0013506590284569886,-5.349870191137175,2.0986736086792623e-11,0.17034284344281947,2.7097270497320824,1.2341703029930462e-05,0.10794044665012406,1.345873664388911,0.10893520761223854,0.011155991536834007,-1.8735071325619996,0.43950529049074216
ENSG00000160188,RSPH1,0.0013506590284569886,0.9539105570399276,1.0,0.0,1.020067170344232,1.0,0.0,1.2664391968945052,1.0,0.0,1.826932585579093,1.0
ENSG00000160190,SLC37A1,0.03781845279679568,-1.5279584507171249,0.009207416563486356,0.11472069048189884,0.8596024981509873,0.40717081834713603,0.04797353184449958,-0.6330339271515295,0.8368307089732322,0.1952298518945951,1.787404221392455,0.029238142980128647
ENSG00000160191,PDE9A,0.0013506590284569886,-2.9529800385685903,0.014014278638458734,0.020858307360345243,1.505493997514475,0.40996981933480847,0.03198235456299972,2.436364198336819,0.06567233983276712,0.0,-1.173067414420908,0.9990235829387976
ENSG00000160193,WDR4,0.022961203483768806,-1.0054474584627275,0.22214638441049545,0.038240230160632945,0.24747766644730618,1.0,0.019988971601874825,-0.7031871540619745,0.8090843746490052,0.10040392383150605,1.9873972577723382,0.03530443497577795
ENSG00000160194,NDUFV3,0.37278189185412886,0.727802720204491,0.18476693601223873,0.2329177655238552,-0.4277453650262304,0.9764863098349646,0.23187207058174797,-0.4207733620746006,0.9803261808803296,0.2008078476630121,-0.6146657399708868,0.9975538146496286
ENSG00000233056,ERVH48-1,0.0013506590284569886,-0.6310519436812276,0.807625353175993,0.0,0.02006717034423211,1.0,0.00799558864074993,2.851401697615662,0.4411685510561619,0.0,0.826932585579093,1.0
ENSG00000160199,PKNOX1,0.06348097433747846,-0.16156666038000855,0.8795701030652868,0.07648046032126589,0.276842585706345,1.0,0.08395368072787426,0.4404685966695552,0.8002183135427519,0.044623966147336026,-0.5109370531772921,1.0
ENSG00000160201,U2AF1,0.10400074519118811,0.8469953531234156,0.20266319794509444,0.027811076480460325,-1.6044236945635602,0.15917711422848466,0.06396470912599944,-0.3325984890383724,1.0,0.09482592806308905,0.3244322450499091,1.0
ENSG00000286549,AP001631.2,0.0013506590284569886,0.9539105570399276,1.0,0.0,1.020067170344232,1.0,0.0,1.2664391968945052,1.0,0.0,1.826932585579093,1.0
ENSG00000237989,LINC01679,0.0013506590284569886,-0.046089442960072446,1.0,0.0,0.43510466962307603,1.0,0.003997794320374965,2.2664391968945052,0.7056768260524537,0.0,1.241970084857937,1.0
ENSG00000142178,SIK1,0.0040519770853709655,-0.8534443650176771,0.6672769024122983,0.006952769120115081,0.60502967106539,1.0,0.003997794320374965,0.09651419545219309,1.0,0.01673398730525101,2.0195776635214884,0.5004709087464512
ENSG00000160207,HSF2BP,0.0,-1.0460894429600724,0.6941208952296081,0.0034763845600575406,3.020067170344233,0.5812324172021095,0.0,1.2664391968945052,1.0,0.0,1.826932585579093,1.0
ENSG00000160208,RRP1B,0.11345535839038703,-1.0879096186547002,0.03358163945519954,0.3128746104051786,1.126982374260745,0.074059290250227,0.17990074441687343,0.04853416655037224,1.0,0.21754183496826313,0.36750096694179524,0.9467097830505347
ENSG00000160209,PDXK,0.4916398863583438,1.6712473444572011,0.000205012282910494,0.17381922800287702,-1.038826518709335,0.34299069732077686,0.17990074441687343,-0.9581916966379409,0.4685374988476668,0.08366993652625504,-2.0185574653652827,0.13018854118352252
ENSG00000160213,CSTB,1.7085836709980906,0.7266425141624345,0.15540518111746326,1.2271637497003118,-0.20319828886508307,1.0,0.9634684312103666,-0.6001500339894417,0.722868773988756,0.8143873821888824,-0.8344819755799372,0.8039706152376217
ENSG00000160214,RRP1,0.05807833822365051,-0.8720600431850238,0.17906091446495834,0.10429153680172622,0.46646884053241244,0.8563978000777105,0.12792941825199888,0.8350998852865619,0.4318777279973996,0.08366993652625504,0.09901213101589335,1.0
ENSG00000215458,AATBC,0.09184481393507522,6.062435013818096,2.0986736086792623e-11,0.0,-4.088457286433936,0.0028915247386039514,0.0,-3.842085259883663,0.00838580544012379,0.0,-3.281591871199077,0.08469055949741691
ENSG00000160216,AGPAT3,0.30254762237436544,1.375374325478204,0.0044356152980378274,0.11472069048189884,-0.9957577968174491,0.40717081834713603,0.09594706368899916,-1.2394517328354513,0.27607573260381846,0.14502788997884208,-0.5577312646562329,1.0
ENSG00000160218,TRAPPC10,0.118857994504215,-0.45299906135551593,0.5373179602257043,0.20858307360345243,0.7609799490271025,0.40717081834713603,0.10394265232974909,-0.4705263972717,0.9465368482357607,0.1729178688209271,0.37572147374676357,0.9552471366163406
ENSG00000241945,PWP2,0.0040519770853709655,-1.5055210615973698,0.2235858603024375,0.013905538240230162,1.020067170344233,0.8563978000777105,0.019988971601874825,1.68147669617335,0.3659185583580007,0.005577995768417003,0.12649286743800037,1.0
ENSG00000160221,GATD3A,0.07428624656513437,-0.23873452090246872,0.7837188714764702,0.0938623831215536,0.30386013634482456,1.0,0.06396470912599944,-0.3325984890383724,1.0,0.11155991536834006,0.5898933882782429,0.8087556293967287
ENSG00000225331,LINC01678,0.0351171347398817,0.46087054575981057,0.6941208952296081,0.010429153680172621,-1.3722502524345268,0.4480958480910241,0.0,-3.2254138994351687,0.06567233983276712,0.08366993652625504,1.9200419899705734,0.0689011663829404
ENSG00000285413,AP001056.2,0.0027013180569139773,1.5388730577610836,0.6941208952296081,0.0,0.43510466962307603,1.0,0.0,0.6814766961733492,1.0,0.0,1.241970084857937,1.0
ENSG00000237604,AP001056.1,0.0013506590284569886,-1.3680175378474342,0.5210398266513538,0.0,-0.5648953303769231,1.0,0.00799558864074993,1.8514016976156622,0.548933804167852,0.011155991536834007,2.411895086300249,0.5184484014762053
ENSG00000232124,AP001057.1,0.0,-3.0460894429600716,0.054188365682672233,0.0,-0.979932829655767,1.0,0.003997794320374965,0.4590842748369015,1.0,0.03346797461050202,4.634287507636697,0.0047355189355226075
ENSG00000160223,ICOSLG,0.013506590284569886,-1.6310519436812294,0.049206415883847124,0.0,-3.406197584357865,0.053332547038277354,0.00799558864074993,-1.5061503070024207,0.4912092054100837,0.16733987305251008,4.080689177824875,1.674595766317792e-07
ENSG00000278158,AP001059.3,0.0,-4.689945632734797,5.567124719023694e-05,0.0034763845600575406,-1.5648953303769222,0.5549230532589067,0.003997794320374965,-1.3185233038266508,0.6622546045047286,0.12271590690517407,5.76553204091495,6.274901905261411e-09
ENSG00000275799,AP001059.2,0.0013506590284569886,-4.000285753346947,8.821029191499482e-05,0.0,-2.979932829655767,0.13832037532131494,0.01599117728149986,-0.21898763027573587,1.0,0.14502788997884208,4.996857587021404,4.048190708847957e-08
ENSG00000142182,DNMT3L,0.0,-1.0460894429600724,0.6941208952296081,0.0,1.020067170344232,1.0,0.0,1.2664391968945052,1.0,0.005577995768417003,3.826932585579093,0.5004709087464512
ENSG00000232010,AP001059.1,0.0013506590284569886,-0.6310519436812276,0.807625353175993,0.0,0.02006717034423211,1.0,0.0,0.26643919689450524,1.0,0.011155991536834007,3.411895086300249,0.39275557201221245
ENSG00000160224,AIRE,0.0,-3.0460894429600716,0.07491327214022035,0.0,-0.979932829655767,1.0,0.011993382961124895,1.9445111020071435,0.48786495609179187,0.022311983073668013,3.1488606804664547,0.19530902533157415
ENSG00000141959,PFKL,0.4457174793908062,0.20047665201795728,0.7670456945826746,0.3233037640853513,-0.43657123340138315,0.9665549700728636,0.38378825475599665,-0.1364629765254204,1.0,0.4964416233891133,0.2964178688803123,0.9578508699192845
ENSG00000241728,AP001062.3,0.0013506590284569886,-1.0460894429600716,0.6941208952296081,0.0,-0.3018609245431296,1.0,0.0,-0.0554888979928565,1.0,0.01673398730525101,3.826932585579093,0.19530902533157415
ENSG00000160226,CFAP410,0.06077965628056448,-1.368017537847435,0.010695160400370978,0.13210261328218653,0.374732051643595,0.8968498331732752,0.2398676592224979,1.553320344682668,0.015818902610330463,0.08924793229467205,-0.25552957461288095,1.0
ENSG00000184441,AP001062.1,0.00945461319919892,-0.21601444440238549,0.9442793003188585,0.0,-1.979932829655767,0.49009754752905876,0.019988971601874825,1.3919700789783658,0.46648778826602105,0.01673398730525101,1.1264928674380004,0.8084062033748123
ENSG00000260256,AP001063.1,0.0013506590284569886,0.9539105570399276,1.0,0.0,1.020067170344232,1.0,0.0,1.2664391968945052,1.0,0.0,1.826932585579093,1.0
ENSG00000142185,TRPM2,0.08644217782124727,3.3913158693472263,5.658402077700706e-07,0.010429153680172621,-2.046022020113539,0.09466721094109604,0.0,-3.862843820050461,0.007833661181372215,0.011155991536834007,-1.675567754950091,0.5004709087464512
ENSG00000160233,LRRC3,0.006753295142284943,1.5388730577610836,0.5210398266513538,0.0,-0.7872877517133716,1.0,0.0,-0.5409157251630985,1.0,0.005577995768417003,1.241970084857936,1.0
ENSG00000274225,AP001065.3,0.005402636113827955,2.2758386519272893,0.3530166859461063,0.0,-0.3018609245431296,1.0,0.0,-0.0554888979928565,1.0,0.0,0.5050044906917304,1.0
ENSG00000184787,UBE2G2,0.39439243630944065,-0.026258271038503533,1.0,0.3754495324862144,-0.09744487821823533,1.0,0.48773090708574574,0.3666033588199382,0.7275602978714083,0.32352375456818616,-0.32109150130600805,1.0
ENSG00000236519,LINC01424,0.0,-1.0460894429600724,0.6941208952296081,0.0,1.020067170344232,1.0,0.003997794320374965,3.2664391968945052,0.4912092054100837,0.0,1.826932585579093,1.0
ENSG00000184900,SUMO3,0.591588654464161,0.16213207824433773,0.807625353175993,0.5736034524094942,0.04416742014472752,1.0,0.4477529638819961,-0.3769062139614864,1.0,0.5689555683785343,0.02961733549805412,1.0
ENSG00000183255,PTTG1IP,0.4241069349354944,1.144594118649037,0.016206953282226388,0.257252457444258,-0.3133565633809581,1.0,0.15191618417424868,-1.1416455417425708,0.3261751689271817,0.13944989421042508,-1.210719955900306,0.5004709087464512
ENSG00000160255,ITGB2,5.047412789343766,1.009784105270638,0.02601272420737262,3.7405897866219133,-0.029634779425463664,1.0,1.7630272952853596,-1.2602414879882569,0.18814631687133004,1.5618388151567608,-1.3981161430495226,0.3434238371689585
ENSG00000227039,ITGB2-AS1,0.1755856736994085,-0.0787556318803948,0.9713789030960871,0.21205945816350996,0.3089275635459323,0.9406445298065409,0.11993382961124895,-0.6497292123020229,0.7600969571763361,0.23427582227351412,0.45878147393108426,0.8425287243179976
ENSG00000273027,AL844908.2,0.0,-1.0460894429600724,0.6941208952296081,0.0,1.020067170344232,1.0,0.0,1.2664391968945052,1.0,0.005577995768417003,3.826932585579093,0.5004709087464512
ENSG00000183250,LINC01547,0.0,-2.0460894429600716,0.3530166859461063,0.0,0.02006717034423211,1.0,0.011993382961124895,4.266439196894505,0.07358901267797711,0.0,0.826932585579093,1.0
ENSG00000272825,AL844908.1,0.07293558753667738,1.6478074293142475,0.015222404758602464,0.013905538240230162,-1.7240939252261773,0.2199751625576716,0.011993382961124895,-1.8210236443558339,0.21165316153811886,0.050201961915753025,0.19466437007957893,1.0
ENSG00000160256,FAM207A,0.11210469936193004,-0.3402725473645307,0.6941208952296081,0.11472069048189884,-0.14985783109807915,1.0,0.13992280121312378,0.19795945901173972,1.0,0.1896518561261781,0.7082880890804732,0.6255660505926375
ENSG00000276529,AP001505.1,0.012155931256112897,-0.8116241893230498,0.5210398266513538,0.024334691920402784,0.7721396569006478,0.8828688941920821,0.02398676592224979,0.7518660240647481,0.7600969571763361,0.01673398730525101,0.30337062952207905,1.0
ENSG00000197381,ADARB1,0.01080527222765591,-3.6963434039329486,4.4207217283361325e-09,0.07300407576120835,-0.16435740079319405,1.0,0.12393162393162392,0.7745861005648313,0.4912092054100837,0.33467974610502016,2.826932585579092,1.3833085454387659e-05
ENSG00000186866,POFUT2,0.040519770853709655,-0.5181578872752954,0.5753291061232572,0.07648046032126589,0.8712037844297504,0.47646716831631464,0.027984560242624756,-0.7779549224639482,0.722868773988756,0.07251394498942104,0.7273969120281776,0.7876546734882613
ENSG00000223768,LINC00205,0.02161054445531182,0.8714483968479545,0.5090024409399947,0.0,-2.6237890194304914,0.13832037532131494,0.027984560242624756,1.096514195452193,0.4912092054100837,0.005577995768417003,-0.758029915142064,1.0
ENSG00000182871,COL18A1,0.014857249313026875,-1.783055037126278,0.015430982453658747,0.020858307360345243,-0.6644310039278372,0.9197710230736488,0.12393162393162392,2.944511102007144,7.293618299582685e-05,0.011155991536834007,-1.2028147578149602,0.7900287756614853
ENSG00000173638,SLC19A1,0.12155931256112897,2.6543502751810193,4.226310115763585e-06,0.006952769120115081,-3.0673956709061057,0.005275869416427148,0.02398676592224979,-1.540915725163098,0.23772830174771747,0.027889978842085016,-1.2174615337793613,0.6255660505926375
ENSG00000233922,LINC01694,0.0040519770853709655,0.3689480563187715,1.0,0.0,-0.5648953303769231,1.0,0.003997794320374965,0.9445111020071435,1.0,0.005577995768417003,1.5050044906917304,0.9975538146496286
ENSG00000183570,PCBP3,0.0013506590284569886,-2.505521061597369,0.05289598392323237,0.0034763845600575406,-0.4393644482930634,1.0,0.01599117728149986,1.5883672917818688,0.4777411248587343,0.027889978842085016,2.6045401642426445,0.1720853285530911
ENSG00000275139,AL133492.1,0.0,-2.0460894429600716,0.40127115005661484,0.0,0.02006717034423211,1.0,0.011993382961124895,4.266439196894505,0.11747934711043312,0.0,0.826932585579093,1.0
ENSG00000205424,AL592528.1,0.0,-1.0460894429600724,0.6941208952296081,0.0034763845600575406,3.020067170344233,0.5812324172021095,0.0,1.2664391968945052,1.0,0.0,1.826932585579093,1.0
ENSG00000286886,AJ011931.2,0.0,-1.0460894429600724,0.6941208952296081,0.0034763845600575406,3.020067170344233,0.5812324172021095,0.0,1.2664391968945052,1.0,0.0,1.826932585579093,1.0
ENSG00000142156,COL6A1,0.0,-3.0460894429600716,0.05289598392323237,0.020858307360345243,3.8274220924018367,0.01961905753168779,0.003997794320374965,0.4590842748369015,1.0,0.0,-0.1730674144209079,1.0
ENSG00000142173,COL6A2,0.0027013180569139773,-5.483494755267371,4.126688271891163e-12,0.4067369935267322,4.995819624097557,6.902530898687861e-16,0.019988971601874825,-2.1372829891565033,0.13570675851286657,0.03904597037891902,-1.1388516990829949,0.8425287243179976
ENSG00000160284,SPATC1L,0.041870429882166646,-1.0904835623185263,0.08183398272396755,0.10081515224166868,0.8394949247024122,0.4169157938044263,0.08395368072787426,0.4779433020882182,0.7873557071723144,0.08366993652625504,0.46938058096100876,0.9552471366163406
ENSG00000160285,LSS,0.01890922639839784,-1.183592966710008,0.14255879896664445,0.08690961400143851,2.2610752698480283,0.0028915247386039514,0.011993382961124895,-1.1929924217427912,0.4912092054100837,0.022311983073668013,-0.27740407423564406,1.0
ENSG00000215424,MCM3AP-AS1,0.008103954170741931,-1.882590710677193,0.04205127420893062,0.010429153680172621,-0.7872877517133707,0.9665549700728636,0.07196029776674936,2.8139269921969996,0.0027583130539095423,0.01673398730525101,0.019577663521488375,1.0
ENSG00000160294,MCM3AP,0.1283126077034139,0.4727838673033111,0.5349509793500219,0.06257492208103572,-0.9019303176544935,0.5794469174280539,0.11993382961124895,0.1762413879229281,1.0,0.10040392383150605,-0.09506490241963483,1.0
ENSG00000239415,AP001469.3,0.01080527222765591,-0.46112694223891637,0.7670456945826746,0.027811076480460325,1.60502967106539,0.3146015067186919,0.00799558864074993,-0.31852330382664995,1.0,0.005577995768417003,-0.4209949278644931,1.0
ENSG00000182362,YBEY,0.08374085976433329,-0.495074274162254,0.5210398266513538,0.14253176696235917,0.6709176067218463,0.5802768052526998,0.04797353184449958,-1.1205839262147408,0.4374178760601545,0.1784958645893441,1.0133457098099736,0.3748115895806037
ENSG00000160298,C21orf58,0.006753295142284943,-2.161566660380008,0.022563646090799735,0.006952769120115081,-1.252951324062182,0.7927746209414257,0.08395368072787426,3.4039427206444413,0.0002982915700869298,0.011155991536834007,-0.4460859088273237,1.0
ENSG00000160299,PCNT,0.08103954170741931,-0.046089442960072446,1.0,0.14948453608247425,1.194096570119282,0.09951338746316411,0.04397573752412461,-0.9299580159089968,0.548933804167852,0.03346797461050202,-1.211202543307679,0.6255660505926375
ENSG00000286224,AP000471.1,0.0013506590284569886,0.9539105570399276,1.0,0.0,1.020067170344232,1.0,0.0,1.2664391968945052,1.0,0.0,1.826932585579093,1.0
ENSG00000160305,DIP2A,0.15802710632946765,-1.0582641569061748,0.03637403337366374,0.5701270678494367,1.8089605565543005,0.0009558654232622936,0.1958919216983733,-0.34709245602342076,1.0,0.13387189844200809,-0.8998986314534012,0.8084062033748123
ENSG00000223692,DIP2A-IT1,0.0013506590284569886,-0.6310519436812276,0.7837188714764702,0.006952769120115081,2.605029671065389,0.43808820013316063,0.0,0.26643919689450524,1.0,0.0,0.826932585579093,1.0
ENSG00000160307,S100B,0.01080527222765591,-5.19357705528263,3.686738738409796e-13,0.8239031407336371,3.423031837322502,1.5522026249616583e-08,0.32382133995037216,0.68147669617335,0.5041671151696193,0.0,-5.526214239918991,0.0047355189355226075
ENSG00000160310,PRMT2,0.3687299147687579,-1.618713609117986,0.00020421578468270878,1.4357468233037642,1.3148104359053654,0.01891255426966075,1.259305210918114,0.9758953411467617,0.12703096820191476,0.47970763608386224,-0.6987907117673882,0.9467097830505347
ENSG00000198918,RPL39,0.0,-1.0460894429600724,0.6941208952296081,0.0034763845600575406,3.020067170344233,0.5812324172021095,0.0,1.2664391968945052,1.0,0.0,1.826932585579093,1.0
